VisitorCookieID;2015-12-21;2015-12-22;2015-12-23;2015-12-24;2015-12-25;2015-12-26;2015-12-27;2015-12-28;2015-12-29;2015-12-30;2015-12-31;2016-01-01;2016-01-02;2016-01-03;2016-01-04;2016-01-05;2016-01-06;2016-01-07;2016-01-08;2016-01-09;2016-01-10;2016-01-11;2016-01-12;2016-01-13;2016-01-14;2016-01-15;2016-01-16;2016-01-17;2016-01-18;2016-01-19;2016-01-20;2016-01-21;2016-01-22;2016-01-23;2016-01-24;2016-01-25;2016-01-26;2016-01-27;2016-01-28;2016-01-29;2016-01-30
1002560564;;;;;;;;;;;;;;;1;;;;;;;;;;;;;;;;;;;;;;;;;;
1004892116;;;;;;;;;;;;;;;;;;;;;;;1;;1;;;;;;;;;;;;;;;;
1007411169;;;;;;;;;;;;;;;;;;;;;;1;;;;;;;;;;;;;;;;;;;
1008625492;;;;;;;;;;;;;;1;;;;;;;;;;;;;;;;;;;;;;;;;;;
1010952481;;;;;;;;;;;;1;;;;;;;;;;;;;;;;;;;;;;;;;;;;;
1011636401;;1;;;;;;;;;;;;;;;;;;;1;;;;;;;;;;;;;;;;1;;;;
1014935767;;;;;;;;;;;;;;;1;;;;;;1;;;;;;;;;;;;;;;;;;;;
101785989;1;;;;;;;;;;;;;1;1;;;;;;;;;;;;;;;;;;;;;;;;;;
1019447708;;;;;;;;;;;;;;;;;;;;;1;;;;;;;;;;;;;;;;;;;;
1021913956;;;;;;;;;;;;;;1;;;;;;;;;;;;;;;;;;;;;;;;;;;
1024674267;;;;;;;;;;;;;;;;;3;;;;;;;;;;;;;;;;;;;;;;;;
1025089205;;;;;;;;;;;;;;;;;;1;;;;;;;;1;;;;;;;;;;;;;;;
1025249038;;;;;;;;;;;;;;;;;;;;;;1;;;;;;;;;;;;;;;;;;;
1028200492;;;;;;;;;;;;;;;1;;;;;;;2;;;;;;;;;;;;;2;;;;;;
1031114825;;;;;;;;;;;;;;;;;;;1;;;;;;;;;;;;;;;;;;;;;;
103116175;;;1;;;;;;;;;;1;;2;1;;;;;;;;;;;;;;;;;1;;;;;;;;
1034423317;;;;;;;;;;;;;;1;;;;;;;;;;;;;;;;;;;;;;;;;;;
1035113918;;;;;;;;;;;;;;;;;;1;1;;;;;;;;;;;;;;;;;;;;;;
1043157340;;;;;;;;;;;;;;;;;;;;;;;;;1;;;1;;;;;;;;;;;;;
1043832688;;;;;;;;;;;1;;;;;;;;;;;;;1;;;;;;;;;;;;;;;;;
1044651499;;;;;;;;;;;;;;;;;;;;;1;;;;;;;;;;;;;;;;;;;;
1048071163;;;;;;;;;;;;;;1;;;;;;;;;1;;;;;;;;;;;;;;;;;;
1048537449;;;;;;;;;;;;;1;;;;;;;;;;;;;;;;;;;;;;;;;;;;
1052938566;;;;;;;;;;;;;;1;;;;;;;;;;;;;;;;;;;;;;;;;;;
1059748173;;;;;;;;;;;;;;;;1;;;;;;;;;;;;;;;;;;;;;;;;;
1060364420;;;;;;;;;1;;;;;2;;;;;;;;;;;;;;;;;;;;;;;;;;;
1061154791;;;;;;;;;;;;;;;;;;;;;;;;;1;;;;;;;;;;;;;;;;
1063258824;;;;;;;;;;;;;;;;;1;;;;;;;;;;;;;;;;;;;;;;;;
1067093743;1;;;1;;;;;;;1;;;;;;;;;;;;;;;;;;;;;;;;;;;;;;
106963701;;;;;;;;;;;;;;;;;;;;;;1;;;;;;;;;;;;;;;;;;;
107036534;;;;;;;;;;;;;;;;;;;;;1;;;;;;;;;;;;;;;;;;;;
107252728;;;;;;;;;;;;;;;;;;;;;1;;;;;;;;;;;;;;;;;;;;
1073969096;;;;;;;;1;;;;;;;;;;;;;1;;;;;;;;;;;;;;;;;;;;
1076921429;;;;;;;;1;;;;;;1;;;;;;;;;;;;;;;;;;;;;;;;;;;
1078711973;;;;;;;;;2;;;;;;;;;;;;;1;;;;;;;;;;;;;;;;;;;
1078868989;;;;;;;;;;;;;;1;;;;;;;;;1;;;;;;;;;;;;;;;;;;
1080134331;;;;;;;;;;;;;;;;;;;;;;;;;;1;;;;;;;;;;;;;;;
1086618897;;;;;;;;;;;;;;;;;;;;;;;;;;;;;1;;;;;;;;;;;;
1090397099;;;;;;;;;;;;;;;;;;;;;;1;;;;;;;;;;;;;;;;;;;
1090604201;;;;;;;;;;;;;;;1;;;;;;;;;;;;;;;;;;;;;;;;;;
1096614515;;;;;;;;;;;;;;;;;;;;;;;;;;;;1;;;;;;;;;;;;;
1096845464;;;;;;;;;;;;;;;;;;;;;;;;;;;;;;;;;;;;1;2;2;;;
1098558625;;;;;;;;;;;;;;;;;;;;;;;;;;;;;;;;;;1;;;;;;;
10986360;;;;;;;;;;;;;;;;;;;;;;;;;;;;;;;2;;;;;;;;;;
1100779230;;1;;;;;;;;1;1;;;;;;;;;;;;;;;;;;;;;;;;;;;;;;
110156289;;;;;;;;;;;;;;;;;;;;;1;;;;;;;;;;;;;1;;;;;;;
1106355546;;;;;;;;;;;;;;;;;;;;;;;;;;;;;;;;;;1;;;;;;;
1106698674;;;;;;;;;;;;;;;;;;;;;;;;;;;;;;;1;;;;;;;;;;
1109227334;;;;;;;;;;;;;;;;;;;;;;;1;;;;;;;;;;;;;;;;;;
1110108188;;;;;;;;;;;;;;;;;;;;;1;;;;;;;;;;;;;;;;;;;;
1111962110;;1;;;;;;1;;;;;;;1;;;;;;;;;;;;;;;;;;;;;;;;;;
1112302662;;;;;;;;;;;;;;;;;;;;;1;;;;;;;;;;;;;;;;;;;;
1113322065;;;;;;;;;;;;;;1;;;;;;;;;;;;;;;;;;;;;;;;;;;
1113682405;;;;;;;;;;;;;1;;;;;;;;;;;;;;;;;;;;;;;;;;;;
1114632931;;;;;;;;;;;;;;;;;;;;;1;1;1;1;1;;;;;;;;;;;;;;;;
1115899596;;;;;;;;;;;;;;;;;;;1;;;;;;;;;;;;;;;;;;;;;;
1116544577;;;;;;;;;;;;;;;;;;;;;1;;;;;;;;;;;1;;;;;;;;;
1116679030;;;;;;;;;;;;;;;;;;;;;1;;;;;;;;;;;;;;;;;;;;
1118032796;;;;;;;;;;;;;;1;;;;1;;;;;;;;;;;;;;;;;;;;;;;
1119710568;;;;;;;;;;;;;;1;;;;;;;;;;;;;;;;;;;;;;;;;;;
1123449594;;;;;;;;;;;;;;1;;;;;;;;;;;;;;;;;;;;;;;;;;;
1124570495;;1;;;;;;;;;;;;;;;;;;;;2;;;;;;;;;;;;;;;;;;;
1128543001;;;;;;;;;;;;;;;;1;;;;;;;;;;;;;;;;;;;;;;;;;
1129375775;;;;;;;;;;;;;;;;;;;;;;;2;;;;;;;;;;;;;;;;;;
1129735686;;;;;;;;;;;;;;1;;;;;;;;;;;;;;;;;;;;;;;;;;;
1134688100;;;;;;;;;;;;;;;;;;;;;;;;;;;;;;;;;;2;1;;;;;;
1137472098;;;;;;;;;;;;;;;;;;;;;1;;;;;;;;;;;;;;;;;;;;
1140101343;;;;;;;;;;;;;;;;;;;1;;;;;;;;;;;;;;;;;;;;;;
1145547129;;;;;;;;;;;;;;;;;;;;;;1;;;;;;;;;;;;;;;;1;;;
1145774243;;;;;;;;;;;;;;;;1;;;1;;;;;;;;;;;;;;;;;;;;;;
1146208274;;;;;;;;;;;;;;1;;;;;;;;;;;;;;;;;;;;;;;;;;;
1151719378;;;;;;;;;;;;;;;;;;;;;1;;;;;;;;;;;;;;;;;;;;
1153053312;;;;;;;;;;;;;;;;;1;;;;;;;;;;;;;;;;;;;;;;;;
1155629260;;;;;;;;;;;;;;;;;;1;;;;;;;;;;;;;;;;;;;;;;;
1155961275;;;;;;;;;;;;;;;1;;;;;;;;;;;;;;;;;;;;;;;;;;
1156452090;;;;;;;;;;;;;;1;;;;;;;;;;;;;;;;;;;;;;;;;;;
1156752653;;;;;;;;;;;;;;;;;;;;;1;;;;;;;;;;;;;;;;;;;;
1157645788;;;;;;;;;;;;;;1;;;;;;;;;;;;;;;;;;;;;;;;;;;
1159190071;;;;;;;;;;;;;;;;;;;;;;;;;1;;;;;;;;;;;;;;;;
1159964600;;1;;;;;;;;;;;;;;;;;;;1;;;;;;;;;;;;;;;;;;;;
1163594889;;;;;;;;;;;;;;;;;;;;;1;1;;;;;;;;;;;;;;;;;;;
1163854200;;;;;;;;;;;;;;;;;;1;;;;;;;;;;;;;;;;;;;;;;;
1163863528;;1;;;;;;;;;;;;;;;1;;;;;;;;;;;;;;;;;;;;;;;;
1165290737;;;;;;;;;;;;;;1;;;;;;;;;;;;;;;;;;;;;;;;;;;
1167070116;;;;;;;;;;;;;;;1;;;;;;;;;;;;;;;;;;;;;;;;;;
1168364677;;;;;;;;;;;;;;;1;;;;;;;;;;;;;;;;;;;;;;;;;;
1173194325;1;;;;;;;;1;;;;;;;;;;;;1;;;;;;;;;;;;;;;;;;;;
1178464396;;;;;;;;;;;;;;;;;;;;1;;;;;;;;;;;;;;;;;;;;;
1179514272;;;;;;;;1;;;;;;1;;;;;;;;;;;;;;;;;;;1;;;;;;;;
1181815510;;;;;;;;;;;;;;;;;;;;;1;;;;;;;;;;;;;;;;;;;;
1182351935;;;;;;;;;;;;;;;1;;;;;;;;;;;;;;;;;;;;;;;;;;
1184895492;;;;;;;;;;;;;;;1;;;;;;;1;;;;;;;;;;;;;;;;;;;
1184970072;;;;;;;;;;;;;;;;;;;;1;;;;;;;;;;;;;;;;;;;;;
1186363964;;;;;;;;;;;;;;;;;;;;;1;;;;;;;;;;;;;;;;;;;;
1190269501;;;;;;;;;;;;;;;;;;;;;;;1;;;;;;;;;;;;;;;;;;
1191741470;;;;;;;;;;;;;;;;;;;;;1;;;;;;;;;;;;;;;;;;;;
1191801405;;;;;;;;;;;;;;;;;;;;;;1;;;;;;;;;;;;;;;;;;;
1196326175;;;;;;;;;;;;;;1;;;;;;;;;;;;;;;;;;;;;;;;;;;
1196972238;;;;;;;;;;;;;;;1;;;;;;;;;;;;;;;;;;;;;;;;;;
1197189628;;;;;;;;;;;;;;1;;;;;;;;;;;;;;;;;;;;;;;;;;;
119829446;;;;;;;;;;;;;;1;;;;;;;;;;;;;;;;;;;;;;;;;;;
120016880;;;;;;;;;;;;;;;;;;;;;;;1;;;;;;;;;;;;;;;;;;
1200894744;;;;1;;;;;;;;;;1;;;;;;;;;;;;;;;;;;;;;;;;;;;
1202346430;;;;;;;;;;;;;;;;;;;;;1;;;;;;;;;;;;;;;;;;;;
1205382110;;;;;;;;;;;;;;;;1;;;;;;;;;;;;;;;;;;;;;;;;;
1206333857;;;;;;;;;;;;;;;;;;;;;;1;;;;;;;;;1;;;;;;;;;;
1206622578;;;;;;;;;;;;;;;;;1;1;1;;;;;;;;;;;;;;;;;;;;;;
1212045451;;;;;;;;;;;;;;;1;;;;;;;;;;;;;;;;;;;;;;;;;;
1214315692;1;1;1;1;;;1;;;;;;;2;1;;;;;;;;;;;;;;;;;;;;;;;;;;
1216178887;;;;;;;;;3;1;;;;1;;;;1;;;;;;;;;;;;;;;;;;;;;;;
121970997;;;;;;;;;;;;;1;;;;;1;;;;;;;;;;;;;;;;;;;;;;;
122251033;;;;;;;;;;;;;;1;;1;;1;;;;1;;;;;;;;;;;;;;;;;;;
1223531670;;;;;;;;;;;;;;;;;;;;;;;1;;;;;;;;;;;;;;;;;;
1223708859;;;;;;;;;;;;;;;1;;;;;;;;;;;;;;;;;;;;;;;;;;
1225839509;;;;;;;;1;;;;;1;;;;;;;;;;;;;;;;;;;;;;;;;;;;
1226931645;;;;;;;;;;;;;;1;;;;;;;;;;;;;;;;;;;;;;;;;;;
1228619070;;;;;;;;;;;;;;;;1;;;;;;;;;;;;;;;;;;;;;;;;;
1229762527;1;1;;1;;;;;;;;;;;;;;;;;1;;;;;;;;;;;;;;;;;;;;
1230917217;;;;;;;;;;;;;;;;;;;;;1;;;;;;;;;;;;;;;;;;;;
1233128209;1;;;;;;;;;;;;;1;;;;;;;;;;;;;;;;;;;;;;;;;;;
1235438407;;;;;;;;;;;;;;;;;;;;;;1;;;;;;;;;;;;;;;;;;;
1236699355;;;;;;;;;;;;;;;;;;;;;;;;;;;;;;;;1;;;;1;;;;;
1238185102;;;;;;;;;;;;;;;1;;;;;;;;;;;;;;;;;;;;;;;;;;
1246158286;;;;;;;;;;;;;;;;;;;;;;;;;;;;;;;;;;1;;1;2;;;;
1247677121;;;;;;;;;;;;;;;;;1;;;;;;;1;;;;;;;;;;;;;;;;;
1248446972;;;;;;;;1;;;;;;;;;;;;;1;;;;;;;;;;;;;;;;;;;;
1253020805;;;;;;;;;;;;;;;1;;;;;;;;;;;;;;;;;;;;;;;;;;
1254588313;;;;;;;;;;;;;;;;;;;;;;;;;;;;;;;1;;;;;;;;;;
1257879434;;;;;;;;;;;;;;;;;;;;;;;;;;;;1;;;;;;;;;;;;;
1262059364;;;;;;;;;;;;;;;;;;;;;;;;;;;;;;;;;;;;1;;;;;
126710646;;;1;;;;;;;;;;;1;;;;;;;;;;;;;;;;;;;;;;;;;;;
127002126;;;;;;;;;;;;;;;;;;;;;1;;;;;;;;;;;;;;;;;;;;
1270100878;;;;;;;;;;;;;;;;;;;;;;1;;1;;;;;;;;;;;;;;;;;
127172411;;;;;;;;;;;;;;;1;;;;;;;;;;;;;;;;;;;;;;;;;;
1272764057;;;;;;;;;;;;;;;;;;;;;2;;;;;;;;;;;;;;;;;;;;
1275168565;;;;;;;;;;;;;;;;;;;;;;1;;;;;;;;;;;;;;;;;;;
1275801683;1;;;;;;;;;;;;;;;;;;;;1;;;;;;;1;;;;;;;;;;;;;
1276104187;;;;;;;;;;;;;;;;2;;;;;;;;;;;;;;;;;;;;;;;;;
1276925506;;;;;;;;;;;;;;1;;;;;;;;;;;;;;;;;;;;;;;;;;;
1278006811;;;;;;;;;;;;;1;;1;;;;;;;;;;;;;;;;;;;;;;;;;;
1279654409;;;;;;;;;;;;;;;;;;;;;;;;;;;1;;;;;;;;;;;;;;
1279821570;;;;;;;;;;;;;;1;;;;;;;;;;;;;;;;;;;;;;;;;;;
1281977174;;;;;;;;;;;;;;;;;;;;;1;;;;;;;;;;;;;;;;;;;;
1282644229;;1;;;;;;;;;;;;;;;;;;;1;;;;;;;;;;;;;;;;;;;;
1288019176;;;;;;;;;;;;;;;;;;;;;;1;;;;;;;;;;;;;;;;;;;
1288281747;;;;;;;;;;;;;;;;;;;;;;1;;;;;;;;;;;;;;;;;;;
1294528324;;;;;;;;;;;;1;;;;;;;;;;;;;;;;;;;;;;;;;;;;;
1294753715;;;;;;;;;;;;;;;;;;;;;;;1;;;;;;;;;;;;;;;;;;
1294955531;;;;;;;;;;2;;2;;1;;;;;;;;;;;;;;;;;;;;;;;;;;;
1295304982;;;;;;;;;;;;;;1;;;;;;;;;;;;;;;;;;;;;;;;;;;
129618425;;;;;;;;;;;;;;;;;;;;;1;;;;;;;;;;;;;;;;;;;;
129669110;;;;;;;;;;;;;;;;;;;;;;;;;;;;;3;;;;;;;;;;;;
1303171362;;;;;;;;;;;;;;;;;;;;;1;;;;;;;;;;;;;;;;;;;;
1309067817;;;;;;;;;;;;;;1;;;;;;;;1;;;;;;;;;;;;;;;;;;;
1309201759;;;;;;;;;;;;;;;;1;1;;;;1;1;;;;;;;;;;;;;;;;;;;
1310015867;;;;;;;;;;;;;;;;;;;;;;;1;;;;;;;;;;;;;;;;;;
1313765957;1;;;;;;;;;;;;;;;;;;;;;;1;;;;;;;;;;;;;;;;;;
1316561448;;;;;;;;;;;;;;1;;;;;;;;;;;;;;;;;;;;;;;;;;;
1318862098;;;;;;;;;;;;;;1;;;;;;;;;;;;;;;;;;;;;;;;;;;
1321506429;;;;;;;;;;;;;;;;;;;;;1;;;;;;;;;;;;;;;;;;;;
132182972;;;;;;;;;;;;;;;;;;;;;;1;2;;;;;;;;;;;;;;;;;;
1324039043;;;;;;;;;;;;;;;;;;;;;1;;1;;;;;;;;;;;;;;;;;;
1324754708;;;;;;;;;;;;;;1;;;;;;;;;;;;;;;;;;;;;;;;;;;
1329711100;1;;;;;;;;;;;;;;;;;;;;1;;;;;;;;;;;;;;;;;;1;1;
1330658376;;;;;;;;;;;;;;;;1;;;;;;1;;;;;;;;;;;;;;;;;;;
1337845311;;;;;;;;;;;;;;;;;;;;;;;;1;;;;;;;;;;;;;;;;;
1339644608;;;;;;;;;1;;;;;;;;;;;;;1;;;;;;;;1;;;;;;;;;;;
134113623;;;;;;;;;;;;;;;;;;;;1;;;;;;;;;;;;;;;;;;;;;
1344310915;1;;;;;;;;;;1;;;;;;;;;;;;;;;;;;;;;;;;;;;;;;
1345200798;;;;;;;;;;;;;;;;;;;;;2;;;;;;;;;;;;;;;;;;;;
1345313362;;;;;;;;;;;;;;;2;;;;;;;;;;;;;;;;;;;;;;;;;;
1345390000;;;;;;;;;;;;;;;;;;;;;;1;;;;;;;;;;;;;;;;;;;
1346588702;;;;;;;;;;1;;;;;;;;;;;;;;;;;;;;;;;;;;;;1;;;
1351390534;;;;;;;;1;;;;;;;;;;;;;;;;1;;;;;;;;;;;;;;;;;
1353636522;;;;;;;;;;;;;;;;;;;;;1;1;;;1;;;;;;;;;;;;;;;;
1358888412;;;;;;;;;;;;;;1;;;;;;;;;;;;;;;;;;;;;;;;;;;
1359361791;;;;;;;;;;;;;;;;;;;;;;1;;;;;;;;;;;;;;;;;;;
135958521;;;;;;;;;;;;;;1;;;;;;;;;;;;;;;;;;;;;;;;;;;
1360420847;;;;;;;;;;;;;;1;;;;;;;;;;;;;;;;;;1;1;;;;;;;;
1367120661;;;;;;;;;;;;;;;;;;;;;;;;;;;;;;;;;;1;;;;;;;
1367475789;;;;;;;;;;;;;;;;1;;;;;;;;;;;;;;;;;;;;;;;;;
1369654822;;;;;;;;;1;;;;;1;;;;;;;;;;;;;;;;;;;;;;;;;;;
1369896533;;;;;;;;;;;;;;;;;;;;;1;;;;;;;;;;;;;;;;;;;;
1370286102;;;;;;;;;;;;;;;;;;;;;;;;;;;;1;;;;;;;;;;;;;
1372013927;;;;;;;;;;;;;1;;;;;;;;;;;;;;;;;;;;;;;;;;;;
1373214904;;;;;;;;;;;1;;;;;;;;;;;;;;;;;;;;;;;;;;;;;;
1373885004;;;;;;;;;;;;;;1;;;;;;;;;;;;;;;;;;;;;;;;;;;
1378839541;;;;;;;;;1;;;;1;;;1;;;;;;;;;;;;;;;;;;;;;;;;;
1381391166;;;;;;;;;;;;;;;;;;;;;;3;;;;;;;;;;;;;;;;;;;
1381475487;;;;;;1;;;;;;1;;;;;;;;;;;;;;;;;;;;;;;;;;;;;
1381955458;;;;;;;;;;;;;;;;;;;1;;;;;;;;;;;;;;;;;;;;;;
1382239456;;1;;;;;;;;;;;;;;;;;;;;;;;;;1;;;;;;;;;;;;;;
1385467256;;;;;;;;;;;;;;;;1;;;;;;;;;;;;;;;;;;;;;;;;;
1386584124;;;;;;;;;;;;;;;;1;;;;4;;;;;;;;;;;;;;;;;;;;;
1387350517;;;;;;;;;;;1;;;;;;;;;;;;;;;;;;;;;;;;;;;;;;
1389177150;;;;;;;;;;;;;;;;;;;;;;1;;;;;;;;;;;;;;;;;;;
1392033515;;;;;;;;;;;1;;;;;;;;;;;;;;;;;;;;;;;;;;;;;;
1393665314;;;;;;;;;;;;;;1;1;;;;;;;;;;;;;;;;;;;;1;;;;;;
1395338949;;;;;;;;;;;;;1;;;;;;;;;;;;;;;;;;;;;;;;;;;;
1396400322;;;;;;;;;;;;;;;;;;;;;;1;;;;;;;;;;;;;;;;;;;
1399668575;;;;;;;;;;;;;;1;;;;;;;;;;;;;;;;;;;;;;;;;;;
1401092204;;;;;;;;;;;;;;2;1;;;;;;;;;;;;;;;;;;;;;;;;;;
1401753220;;;;;;;;;;;;;;;;;;;1;;;;;;;;;;;;;;;;;;;;;;
1406335657;;;;;;;;;;;;;;;;;;;;;;;;;;2;;;;;;;;;;;;;;;
1406980096;;;;;;;;;;;;;;1;;;;;;;;1;;;;;;;;;;;;;;;;;;;
1408693685;;;;;;;;;;;1;;;;;;;;;;;;;;;;;;;;;;;;;;;;;;
141704682;;;;;;;;;;;;;;;;;;;;;;;;;;;;;;;;1;;1;;;;;;;
1419764688;;;;;;;;;;;;;;1;;;;;;;;;;;;;;;;;;;;;;;;;;;
1422155901;;;;;;;;;;;;;;;;;;;;;;;;;;;;2;;;;;;;;;;;;;
142258727;;;;;;;;;;;;1;;;;;;;;;;;;;;;;;;;;;;;;;;;;;
1423246367;;;;;;;;;;;;;;;;;;;;;;1;;;;;;;;;;;;;;;;;;;
1423619192;;;;;;;;;;;;;;;;;;;;;;;;;;;1;;;;;;;;;;;;;;
1424550099;;;;;;;;;;;;;;;;;;;;;1;;;;;;;;;;;;;;;;;;;;
1425100804;;;;;;;;;;;1;;;;;;;;;;;;;;;;;;;;;;;;;;;;;;
1427784676;;;;;;;;;;;;;;;;;;;;;;;;1;;;;;;1;;;;;;1;;;;;
1427997212;1;;;;;;;;;;;;;;1;;;;;;;;;;;;;;;;;;;;;;;;;;
1436689177;;;;;;;;;;;;;;1;;;;;;;;;;;;;;;;;;;;;;;;;;;
1438104606;;;;;;;;;;;;;;1;;;;;;;;;;;;;;;;;;;;;;;;;;;
1438638434;;;;;;;;;;;;;;;;;;;;;;;;;;;1;;;;;;;;;;;;;;
1439140155;1;;;;;;;;;;;;;;1;;;;;;1;1;;;;;;;;;;1;;;2;;;;;;
1440837204;;;;;;;;;;;;;;;;;;;;;;1;;;;;;;;;;;;;;;;;;;
1441106588;;;;;;;;;;;;;;;;;;;;;;1;;;;;;;;;;;;;;;;;;;
1456608899;1;1;;1;;;;;;;;;;1;;1;;;1;;;;;;;;;;;;;;;;;;;;;;
1457014105;;;;;;;;;;;;;;2;;;;;;;;;;;;;;;;;;;;;;;;;;;
1457862234;;;;;;;;;;;;;;;;;;;;;;;;;;1;;;;;;;;;;;;;;;
1460152436;1;1;;;;;;;;;;;;;;;;;;;1;;;;;;;;;;;;;;;;;;;;
1460718370;;;;;;;;;;;;;;;;;1;;;;;;;;;;;;;;;;;;;;;;;;
1464507262;;;;;;;;;;;;;;;;;;;;;;;;;;1;;;;;;;;;;;;;;;
1466465761;1;;;;;1;;1;;;;;;;;;;;;;1;;;;;;;;;;;;;;;;;;;;
1467915662;;;;;;;;;;;;;;2;;;;;;;;;;;;;;;;;;;;;;;;;;;
1470805990;;;;;;;;;;;;;;1;;;;;;;;;;;;;;;;;;;;;;;;;;;
1471727320;;;;;;;;;;;;;;1;;;;;;;;;;;;;;;;;;;;;;;;;;;
1474580296;;;;;;;;;;;;;;;;;;;;;1;;;;;;;;;;;;;;;;;;;;
1475802865;;;;;;;;;;;;;;;;;;;;1;;;;;;;;;;;;;;;;;;;;;
1479031905;;;;;;;;;;;;;;;;;;;;;1;;;;;;;;;;;;;;;;;;;;
1479897425;;;;;;;;;;;;;;;;;1;;;;;;;;;;;;;;;;;;;;;;;;
1482502232;1;;;;;;;;;;;;1;2;;;;;;;;;;;;;;;;;;;;;;;;;;;
148268594;;;;;;;;1;1;;;;;;;1;;;;;1;;;;1;;;;;;;;;;;;;;;;
148289831;;;;;;;;;;;;;;;2;;;;;;;;;;;;;;;;;;;;;;;;;;
148474994;;;;;;;;;;;;;;;;;;;;;;;;;;;;;;;;;;;;1;;;;;
1487212338;;;;;;;;1;;;;;;;;;;;;;1;;;;;;;;;;;;;;;;;;;;
1489616474;;;;;;;;;;;;;;;;;;;;;1;;;;;;;;;;;;;;;;;;;;
1491561920;;;;;;;;;;;;;;;;;;;;;;1;;;;;;;;;;;;;;;;;;;
1492484213;1;;;;;;;;;;;;;1;;;;;;;;;;;;;;;;;;;;1;;;;;;;
1492988918;;;;;;;;;;;;;;1;;;1;1;1;;;;;;;;;;;;;;;;;;;;;;
1494685998;;;;;;;;;;;;;;;;;;;;;1;;;;;;;;;;;;;;;;;;;;
1495153960;;;;;;;;;;;;;;;;;1;;;;;;;;;;;;;;;;;;;;;;;;
1495495834;;;;;;;;;;;;;;;;;;;;;1;;;;;;;;;;;;;;;;;;;;
1498054788;;;;;;;;;;;;;;;;;;;;;1;;;;;;;;;;;;;;;;;;;;
1501957014;;;;;;;;;;;;;;;;;;;;;;;1;;;;;;;;;;;;;;;;;;
1502336702;;;;;;;;;;;;;;;;;;;;;;1;;;;;;;;;;;;;;;;;;;
1502407254;;;;;;;;;;;;;;;;;;;;;;;;;;;;;1;;;;;;;;;;;;
150755315;;;;;;;;;;;;;;;;;;;;;1;;;;;;;;;;;;;;;;;;;;
1507832685;;;;;;;;;;;;;;;;1;;;;;;;;;;;;;;;;;;;;;;;;;
1513108432;;;;;;;;;;;;;;;;;;;;;1;1;;;;;;;;;;;;;;;;;;;
1514245813;;;;;;;;;;;;;;;;;;;;;;;;;;;;;;;;1;;;;;;;;;
1515829995;;;;;;;;;;;;;;;;;;;;;;;1;;;;;;;;;;;;;;;;;;
1523655258;;;;;;;;;;;;;;;;;;;;;;;;;;;;;;1;;;;;;;;;;;
1524814835;;;;;;;;;;;;;;;;;;;;;1;;;;;;;;;;;;;;;;;;;;
1526350268;;;;;;;;;;;;;;;;;;;;;;1;;;;;;;;;;;;;;;;;;;
1526706812;;;;;;;;;;;;1;;;;;;;;;;;;;;;;;;;;;;;;;;;;;
1527043046;;1;;;;;;;;;;;;;;;;;;;;;;1;;;;;;;;;;;;;;;;;
153173981;;;;;;;;;;;;;;1;;;;;;1;;;;;;;;;;;;;;;;;;;;;
1532513874;1;1;;;1;;;;;;;;;;;;1;;;;;;;1;;;;;;;;;;;;;;;;;
1534609860;;;;;;;;;;;;;;;;;;;;;1;;;;;;;;;;;;;;;;;;;;
1538802239;;;;;;;;;;;;;;;;;;;;;2;;;;;;;;;;;;;;;;;;;;
1540143250;;;;;;;;1;;;;;;;;;;;;;;;;;;;;;;;1;;;;;;;;;;
1541252916;;;;;;;;;;;;;;;;;;;;;;;1;;;;1;;;;;;;;;;;;;;
1545374556;;;;;;;;;;;;;;;;;;;;;;;;;;;1;;;;;;;;;;;;;;
1550842130;;;;;;;;;;;;;;;;1;;;;;;;;;;;;;;;;;;;;;;;;;
1551362370;;;;;;;;;;;;;;;;;;1;;;;;;;;1;;;;;;;;;;;;;;;
1555511375;;;;;;;;;;;;;;;1;;;;;;;;;;;;;;;;;;;;;;;;;;
1555632886;;;;;;;;;;;;;;;;;;;;1;;1;;;;;;;;;;;;;;;;;;;
1557489039;1;;;;;;;;;;;;;;;;;;;;1;;;;;;;;;;;;;;;;;;;;
1557885534;;;;;;;;;;;;;;;;;;;;;;;;;;;1;;;;;;;;;;;;;;
1562006215;;;;;;;;;;;;;;;1;;;;;;;;;;;;;;;;;;;;;;;;;;
1568931848;;;;;;;;;;;;;;;;;;;;;;1;;;;;;;;;;;;;;;;;;;
1574175586;;;;;;;;;;;;;;;;;;;;;;1;;;;;;;;;;;;;;;;;;;
1574547884;;;;;;;;;;;;;;;;2;1;;;;;;;;;;;;;;;;;;;;;;;;
157559396;;;;;;;;;;;;;;;;;;;;;;;;;;;;1;;;;;;;;;;;;;
1578003451;;;;;;;;;;;;;;;;;;;;;1;;;;;;;;;;;;;;;;;;;;
1580431452;;;;;;;;;;;;;;;;;;;;;;;1;;;;;;;;;;;;1;;;1;1;;
1581433841;;;;;;;;;;;;;;;;;;;;;;1;;;;;;;;;;;;;;;;;;;
1581896436;;;;;;;;;;;;;;;1;;;;;;;;;;;;;;;;;;;;;;;;;;
1585764079;;;;;;;;;;;;;;;;;;;;;1;;;;;;;;;;;;;;;;;;;;
1587036048;;2;;;;;;;;;;;;;;;;;;;;2;;;;;;;;;;;;;;;;;;;
159123541;;;;;;;;;;;;;;;;;;;;;1;;;;;;;;;;;;;;;;;;;;
1593538202;;;;;;;;;;;;;;1;;;1;;;;;;;;;;;;;;;;;;;;;;;;
1594789645;;;;;;;;;;;;;;1;;;;;;;;;;;;;;;;;;;;;;;;;;;
1597705146;1;;;;;;;;;;;;;1;;;;;;;;;;;;;;;;;;;;;;;;;;;
159970337;;;;;;;;;;;;;;;;;;;;;;;1;;1;;;;;2;;;;;;;;;;;
160934336;1;1;;;;;;;1;;;;;;1;;;;;;;1;;;;;;;;;;;;;;;;;;;
1611009006;;;;;;;;;1;;;;;;;;;;;;1;;2;;1;3;;;;;;;;;;;;;;;
1611626996;;;;;;;;;;;1;;;;;;;;;;;;;;;;;;;;;;;;;;;;;;
1613585136;1;;;;;;;;;;;;;;;;;;;;1;;;;;;;;;;1;;;;;;;;;;
1618098105;;;;;;;;;;;;;;;;;;;;;;1;;;;;;;;;;;;;;;;;;;
1618533636;;;;;;;;;;;;;;1;;;;;;;;;;;;;;;;;;;;;;;;;;;
1619511192;1;;;;;;;;;;;;;1;;;;;;;;;;;;;;;;;;;;;;;;;;;
1620446872;;;;;;;;;;;;;;;;;;;;;1;1;;;1;;;;;;;;;;;;;;;;
1622292741;;;;;;;;;;1;;;;;3;;;;;;;;;;;;;;;;;;;;;;;;;;
1625681914;;;;;;;;;;;;;;;;;;;;;;;;;;1;;;;;;;;;;;;;;;
1627522936;;1;;;;;;;;;;;;1;;;;;;;;;;;;;;;;;;;;;;;;;;;
1629844613;;;;;;;;;;;;;;;;;;;;;1;;;;;;;;;;;;;;;;;;;;
163055933;;;;;;;;;;;;;;;;;;;;;;1;;;;;;;;;;;;;;;;;;;
163252618;;;;;;;;;;;;;;1;;;;;;;;;;;;;;;;;;;;;;;;;;;
1632937995;;;;;;;;;;;;;;;1;;;;;;;;;;;;;;;;;;;;;;;;;;
1634017955;;;;;;;;;;;;;;;;;;;;;1;;;;;;;;;;;;;;;;;;;;
1639635603;;;;;;;;;;;;;;;;;;;;;;;1;;;;;;;;;;;;;;;;;;
1641367926;;;;;1;1;;;;;;;;;;;;;;;;;;;;;;;;;;;;;1;;;;;;
1641383093;;;;;;;;;;;;;;;;;;1;2;;;;;;;;;;;;;;;;;;;;;;
1645796425;;;;;;;;;;;;;;;;;;;;;;;;;;;;;;;1;;;;;;;;;;
1647594587;1;;;;;;;;;;;;;;1;;;;1;;;;;;;;;;;;;;;;;;;;;;
1648653709;;;;;;;;;;;;;;;;;;;;;1;;;;;;;;;;;;;;;;;;;;
1651022911;;;;;;;;;;;;;;;1;;;;;;;;;;;;;;;;;;;;;;;;;;
1651940298;;;;;;;;;;;;;;;;;;;;;1;;;;;;;;;;;;;;;;;;;;
1654853165;;;;;;;;;;;;;;;;;;;;;;;;;;;;;;;;;;;1;;;1;;;
165685862;;;;;;;;;;;;;;1;;;;;;;;;;;;;;;;;;;;;;;;;;;
1658434002;;;;;;;;;;;;;;1;;;;;;;;;;;;;;;;;;;;;;;;;;;
1659897774;;;1;;;;;;1;;;;;;;;;;;;;;;1;;;;;;;;;;;;;;;;;
1664007727;;;;;;;;;;;;;;;;;;;;;;;;;;1;;;;;;;;;;;;;;;
1665323307;;;;;;;;;;;;;;;1;;;;;;;;;;;;;;;;;;;;;;;;;;
1667364211;;;;;;;;;;;;;;1;1;1;;;;;2;;;;;;;;;;;;;;;;;;;;
1669013694;;;;;;;;1;;;;;;;;;;;;;;1;;;;;;;;;;;;;;;;;;;
1675152949;;;;;;;;;;;;;;;;;;;;;1;;;;;;;;;;;;;;;;;;;;
1675785597;;;;;;;;;;;;;;;;;;;;;1;;;;;;;;;;;;;;;;;;;;
1675895031;;;;;;;;;;1;;;;1;;;;;;;;;;;;;;;;;;;;;;;;;;;
1682321458;;;;;;;;;;;;;;;;;;;;;1;;;;;;;;;;;;;;;;;;;;
1682678283;;;;;;;;;;;;;;;;;;;;;;1;1;;;;;;;;;;;;;;;;;;
1683082329;;;;;;;;;;;;;;;;;;;;;;1;;;;;;;;;;;;;;;;;;;
1684586307;;;;;;;;;;;;;;;;;;;;;;;;;;;;;2;2;1;;;;;;;;;;
1685273797;;;;;;;;;;;;;;;;;;;;;;;1;;;;;;;;;;;;;;;;;;
1687914310;;;;;;;;;;;;;;;;;;;;;;1;;;;;;;;;;;;;;;;;;;
1687944039;;;;;;;;;;;;;;;;;;;;;;;1;;;;;;;;;;;;;;;;;;
1688572532;;;;;;;;;;;;;;1;;1;;;;;;;;;;;;;;;;;;;;;;;;;
1690327975;;;;;;;;;;;;;;;;;;;;;;1;1;;;;;;;;;;;;;;;;;;
1690618358;;;;;;;;;;;;;;1;;;;;;;;;;;;;;;;;;;;;;;;;;;
1692428965;;;;;;;;;;;;;;1;;;;;;;;;;;;;;;;;;;;;;;;;;;
1692766221;;;;;;;;;;;;;;;;;;1;;;;;;;;;;;;;;;;;;;;;;;1
1695108564;;;;;;;;;;;;;;1;;;;;;;;;;;;;;;;;;;;;;;;;;;
1695772039;;;;;;;;;;;;;;;;;;;;;;1;;;;;;;;;;;;;;;;;;;
1696903161;;;;;;;;;;1;;;;1;;1;;;;;;;;;;;;;;;;;;;;;;;;;
1707128677;;;;;;;;;;;;;;;;;;;;;1;;;;;;;;;;;;;;;;;;;;
1707203965;1;;;;;;;1;;;1;;;;;;;;;;;;;;;;;;;;;;;;;;;;;;
1707687591;;;;1;;1;;;;;;;;1;1;;;;;;1;;;;;;;;;;;;;;;;;;;;
1709018750;;;;;;;;;;;;;;;1;;1;;;;;;;;;;;;;;;;;;;;;;;;
1714044098;;;;;;;;;;;;;;;;;;;;;1;;;;;;;;;;;;;;;;;;;;
1715711632;;;;;;;;;;;;;;;;;;;;;;1;;;;;;;;;;;;;;;;;;;
1716487908;;;;;;;;;;;;;;;;1;;;;;;;;;;;;;;;;;;;;;;;;;
171946155;;;;;;;;;;;;;;;;;;;;;1;;;;;;;;;;;;;;;;;;;;
1720106147;;;;;;;;;;;;;;1;;;;;;;;;;;;;;;;;;;;;;;;;;;
1720923681;;;;;;;;;;;;;;;;;;;;;;;1;;;;;;;;;;;;;;;;;;
1732979085;;;;;;;;;;;;;;;;;;;;;;;;;1;1;;;;;;;;1;;;;;;;
1736294848;;;;;;;;;;;;;;1;2;1;;;;;;;;;;;;;;;;;;;;;;;;;
173704750;;;;;;;;;;;;;;;;1;;;;;;;;;;;;;;;;;;;;;;;;;
1737500706;;1;;;;;;;1;;;;;;1;;;;;;;;;;;;;;;;;;;;;;;;;;
1740717073;;;;;;;;;;;;;;1;;;;;;;;;;;;;;;;;;;;;;;;;;;
1744888352;;;;;;;;;;;;;;;;;;;;;1;;;;;;;;;;;;;;;;;;;;
1745346349;;;;;;;;;;;;;;1;;1;;;;;;;;;;;;;;;;;;;;;;;;;
1745828199;;;;;;;;;1;;;1;1;;;;;;;;;;;;;;;;;;;;;;;;;;;;
1746548343;;;;;;;;;;;;;;;;;;;;;;;1;;;;;;;;;;;;;;;;;;
1752037142;;;;;;;;;;;;;;1;;;;;;;;;;;;;;;;;;;;;;;;;;;
175358873;;;;;;;;1;;;;;;1;1;;;;;;;;;;;;;;;;;;;;;;;;;;
1753592428;;;;;;;;;;;;;;;;;;;;;;;;;;;;;;;;;;;;;;;;;1
1756666531;1;;;;;;;1;;;;;;;;;;;;;1;;;;;;;;;;;;;;;;;;;;
1756824323;;;;;;;;;;;;;;;;;;;;;;;;;1;;;;;;;;;;;;;;;;
1756851851;;;;;;;;;;;;;;1;;1;;;;;;;;;;;;;;;;;;;;;;;;;
1759433884;;;;;;;;;;;;;;;;;;;;;;1;;;;;;;;;;;;;;2;1;;;;
1759759061;2;;1;;2;;1;;;;;1;;;;;;;;;;;;;;;;;;;;;;;;;;;;;
1760642521;;;;;;;;;;;;;;2;;;;;;;;;;;;;;;;;;;;;;;;;;;
1762403028;;;;;;;;;;;;;;;;;;1;;;;;;;;;;;;;;;;;;;;;;;
1766025013;;;;;;;;;;;;;;;;;;;;;;;;;1;;;;;;;;;;;;;;;;
1767694750;1;;;;;;;;;;;;;;;;;;;;;;;;;;;1;;;;;;;;;;;;;
1768427374;;;;;;;;;1;;;;;;;;;;;;;2;;;;;;;;;;;;;;;;;;;
1768836477;;;;;;;;;;;;;;;;;;;;;;;;;;;;;;;;;;;1;;;;;;
1769527727;;;;;;;;;;;1;;;;;;;;;;;;;;;;;;;;;;;;;;;;;;
1770973676;;;;;;;;;;;;;;;;;;;;;;;;;;;1;;;;;;;;;;;;;;
1782061059;;;;;;;;;;;;;;1;;;;;;;;;;;;;;;;;;;;;;;;;;;
1782530434;;;;;;;;;1;;;;;;;;;;;;1;1;;;;;;;;;;;;;;;;1;;;
1784136298;1;1;;;;;;;;;;;;;;;;;;;1;;;;;;;;;;;;;;;;;;;;
1788177511;;;;;;;;;;;;;;;;;;;;;;;1;;;;;;;;;;;;;;;;;;
1799934090;;;;;;;;;;;;;;1;;;;;;;;1;;;;;;;;;;;;;;;;;;;
1800884715;;;;;;;;;;;;;;;;;;;;;1;;;;;;;;;;;;;;;;;;;;
1801319665;;;;;;;;;;;;;;;1;;;1;;;;;;;;;;;;;;;;;;;;;;;
1802408629;;;;;;;;;;;;;;;;;;;;1;;;;;;;;;;;;;;;;;;;;;
1803713572;;;;;;;;;;1;;;;1;;;;;;;1;1;;;;;1;;;;;;;;;;;;;;
1805653371;;;;;;;;;;;;1;;;;;;;;;;;;;;;;;;;;;;;;;;;;;
1808680679;;;;;;;;;;;;;;1;;;;;;;;;;;;;;;;;;;;;;;;;;;
1816181065;;;;;;;;;;;;;;1;;;;;;;;;;;;;;;;;;;;;;;;;;;
1816375464;;;;;;;;;;;;;;;1;;;;;;;;;;;;;;;;;;;;;;;;;;
1820990039;;;;;;;;;;;;;1;;;;;;;;;;;;;;;;;;;;;;;;;;;;
182158030;;;;;;;;;;;;;;1;;;1;;;;;;;;;;;;;;;;;;;;;;;;
1824413921;;;;;;;;;;;;;1;;;;;;;;;;;;;;;;;;;;;;;;;;;;
1825101347;;;;;;;;;;;;1;;;;;;;;;;;;;;;;;;;;;;;;;;;;;
1827280106;;;;;;;;;;;;;;;;;;;;;;;1;;;;;;;;;;;;;;;;;;
1827779218;;;;;;;;;;;;;;1;;;;;;;;;;;;;;;;;;;;;;;;;;;
1829067662;;;;;;;;;;;;;;;;1;;;;;;;;;;;;;;;;;;;;;;;;;
1833768102;;;;;;;;;;;;;;;1;;;;;;;;;;;;;;;;;;;;;;;;;;
1835541024;;;;;;;;;;;;;;;;;;;;;1;1;;;;;;;;;;;;;;;;;;;
1836415273;;;;;;;;;;;;;;;;;;;;;1;;;;;;;;;;;;;;;;;;;;
1839468941;;;;;;;;;;;;;;;;;;;;;;;;;;;;;;;;;;;;;;;;;1
1839915456;;;;;;;;;;;;;;;;1;;;;;1;;;;;;;;;;;;;;;;;;;;
1843598922;;;;;;;;;;;;;;;1;;;;;;;;;;;;;;;;;;;;;;;;;;
1853128272;;;;;;;;;;;;;;;1;1;;;;;;;;;;;;;;;;;;;;;;;;;
185498783;;;;;1;;1;1;;;;;;;1;;;3;;;;;;;;;;;;;;;;;;;;;;;
185592488;;;;;;;;;;;;;;;;;;;;;;;1;;;;;;;;;;;;;;;;;;
1856027100;;1;1;;;;1;2;1;;;;;;4;;;;;;;;;;;;;;1;;;;;;;;;;;;
186225976;;;;;;;;;;;;;;;;;;;;;;;2;;;;;;;;;;1;;2;4;1;;;;
1863453452;;;;;;;;;;;;;;;;;;;;;1;;;;;;;;;;;;;;;;;;;;
1863686561;;;;;;;;;;;;;;1;;;;;;;;;;;;;;;;;;;;;;;;;;;
186464796;;1;1;;;;;;;;;;;;;;;;;;;;;;;1;;;;;;;;;;;;;;;
1865324615;;;;;;;;;;;;;;1;1;;;;;;;;;;;;;;;;;;;;;;;;;;
1868164795;;;;;;;;;;;;;;1;;;;;;;;;;;;;;;;;;;;;;;;;;;
1868875147;;;;;;;;;;;1;;;;;;;;;;;;;;;;;;;;;;;;;;;;;;
1869035745;;;;;;;;;;;;;;;;;;;;;;1;;1;;;;;;;;;;;;;;;;;
1870544376;;;;;;;;;;;;;;1;;2;;;;;;;;;;;;;;;;;;;;;;;;;
1873587730;;;;;;;;;;;;;;;;;;;;;1;;;;;;;;;;;;;;;;;;;;
1876394251;;1;;;;;;;;;;;;;1;;;;;;;;;;;;;;;;;;;;;;;;;;
1878659575;;;;;;;;;;;;;;;;1;;;;;;;;;;;;;;;;;;;;;;;;;
1879348786;;;;;;;;;;;;;;;;;;;;;;;;1;;;;1;;;;;;;;;;;;;
1879407541;;;;;;;;;;;;;;;1;;;;;;1;;;;;;;;;;;;;;;;;;;;
1879794749;;;;;;;;;;;;;;1;;;;;;;;;;;;;;;;;;;;;;;;;;;
1880939196;;;;;;;;1;1;;;;;;;;;;;;1;;;;;;;;;;;;;;;;;;;;
1881765044;;;;;;;;;;;;;;;;;;;;;;1;;;;;;;;;;;;;;;;;;;
1881836749;;;;;;;;;;;;;;;;;;;;;2;;;;;;;;;;;;;;;;;;;;
1882213585;;;;;;;;;;;;;;;;;;;1;;1;;;;;;;;;;;;;1;;;;;;;
1882546367;;;;;;;;;;;;;;;1;;;;;;;;;;;;;;;;;;;;;;;;;;
1883794858;;;;;;;;1;;;;;;;;;;;;;;1;2;;;;;;;;;;;;;;;;;;
1886467151;;;;;;;;;;;;;;;;;;;;;;1;;;;;;;;;;;;;;;;;;;
1888972628;;;;;;;;;;;;;;;;;;1;;;;;;;;;;;;;;;;;;;;;;;
1889429279;;;;;;;;;;;;;;;;;;;;;1;;1;;;;;;;;;;;;;;;;;;
1890464487;;;;;;;;1;;;;;;1;;;;;;;;1;;;;;;;;;;;;;;;;;;;
1892340235;;;;;;;;;;;;;;;;;;;;;;;;;;;;;;1;;;;;;;;;;;
1895278827;;;;;;;;;;;;;;1;;;;;;;;;;;;;;;;;;;;;;;;;;;
189746379;;;;;;;;;;;;;;;;;;;;;1;;;;;;;;;;;;;;;;;;;;
1898491923;;;;;;;;;;;;;;1;;;;;;;;;;;;;;;;;;;;;;;;;;;
1899947245;;;;;;;;;;;;;;;;;;;;;;1;;;;;;;;;;;;;;;;;;;
1900521;;;;;;;;;;;;;;;;;;1;;;;;;;;;;;;;;;;;;;;;;;
1901234336;;;;;;;;;;;;;;;;1;;;;;;;;;;;;;;;;;;;;;;;;;
1903179070;;;;;;;;;;;;;;;;;;;;;;;;;;;1;;;;;;;;;;;;;;
1903700975;;;;;;;;;;;;;;1;;;;;;;;;;;;;;;;;;;;;;;;;;;
1907132591;;;;;;;;;;;1;;;;;;;;;;;;;;;;;;;;;;;;;;;;;;
190959067;;;;;;;;;;;;;;;;;;;;;1;;;;;;;;;;;;;;;;;;;;
1911184673;;;;;;;;;;;;;;;;1;;;;;;;;;;;;;;;;;;;;;;;;;
1913912438;;2;;;;;;;;;;;;1;;1;;;;;;;;;;;;;;;;;;;;;;;;;
1914022508;;;;;;;;;;;;1;;;;;;;;;1;;;;;;;;;1;;;;;;;;;;;
191501378;;;;;;;;;;;;;;;;;;;;;;;3;;;;;;;;;;;;;;;;;;
1916051023;;;;;;;;;;;;;;;;;;;;;;1;;;;;;;;;;;;;;;;;;;
19161816;;;;;;;;;;1;;;;;;;;;;;;;;;;;1;;;;;;;;;;;;;;
1919489487;;;;;;;;;;;;;;;;;;;;;;;;1;;;;;;;;;;;;;;;;;
1925904111;1;;;;;;;;;;;;;;;;;;;;;;1;;;;;;;;;;;;;;;;;;
1926487492;;;;;;;;1;;;;;;;;;;;;;1;;;;;;;;;;;;;;;;;;;;
1926940566;1;;;;;;;;;;;;;;;;;;;;;;1;;;;;;;;;;;;;;;;;;
1926975073;;1;;;;;;;1;;;;;;1;;;;;;;;;;;;;;;;;;;;;;;;;;1
192773038;;;;;;;;;;;;;;;;;;;;;;;;;;;;;;;;;;;;;;;2;;
1931861675;;;;;;;;;;;;;;;;;;;;;1;;;;;;;;;;;;;;;;;;;;
1933862525;;;;;;;;;;;;;;;;;;;;;;;;;;;;;;;1;;;;;;;;;;
1940231657;;;;;;;;;;;;;;;;;;;;;1;1;;;;;;;;;;;;;;;;;;;
1941335072;;;;;;;;;;;1;;;;;;;;;;;;;;;;;;;;;;;;;;;;;;
1945037234;;;;;;;;;;;;;;;;;;;;;;;;2;;;;;;;;;;;;;;;;;
1947996683;;;;;;;;;;;;;;;;;;;;;1;;;;;;;;;;;;;;;;;;;;
1948773402;;;;;;;;;;;;;;;;;;;;;;;;;;;;;;;1;;;;;;;;;;
1952811863;;;;;;;;;;;;;;1;;;;;;;;;;;;;;;;;;;;;;;;;;;
1952922409;;;;;;;;;;;;;;1;;;;;;;;;;;;;;;;;;;;;;;;;;;
1952996981;;;;;;;;;;;;;;;;;;;;;;;1;;;;;;;;;;;;;;;;;;
1954506179;;;;;;;;;;;;;;;;;;;;;1;;;;;;;;;;;;;;;;;;;;
1956364364;;;;;;;;;;;;;;1;;;;;;;;;;;;;;;;;;;;;;;;;;;
1957447754;;;;;;;;;;;;;;;;;;;;;;;;;1;;;;;;;;;;;;;;;;
1959944282359579100;;;;;;;;;;;;;;;1;;;;;;1;;;;;;;;;;;;;;;;;;;;
1962794635;;;;;;;;;;;;;;;;;;;;;1;;;;;;;;;;;;;;;;;;;;
196745203;;;;;;;1;;;;;;;;;1;;;1;;;;;;;;;;;;;;;;;;;;;;
1970059930;;;;;;;;;;;;1;;;;;;;;;;;;;;;;;;;;;;;;;;;;;
1973574246;;;;;;;;;;;;;;;;;;;;;;;;;;;;;;;;;;;;;;;;;1
1978113310;;;;;;;;;;;1;;;;;;;;;;;;;;;;;;;;;;;;;;;;;;
1980678628;1;;;;;;;;;;;;;;;;;;;;;1;;;;;;;;;;;;;;;;;;;
1981710208;;;;;;;;;;;;;;1;;;;;;;;;;;;;;;;;;;;;;;;;;;
1983845804;;;;;;;;;;;;;;;;;;;;;;;;;;;;;;;1;;;;;;;;;;
1984602623;;;;;;;;;;;;;;1;;;;;;;;;;;;;;;;;;;;;;;;;;;
198599361;;;;;;;;;;;;;;2;;;;;;;;;;;;;;;;;;;;;;;;;;;
1991904584;;;;;;;;;;;;;;;;;;;;;2;;;;;;;;;;;;;;;;;;;;
1994982297;;;;;;;;;;;;;1;1;;;;;;;;;;;;;;;;;;;;;;;;;;;
1995173217;;;;;;;;;;;;;;1;;;;;;;;;;;;;;;;;;;;;;;;1;;;
1997717276;;;;;;;;;;;;;;1;;;;;;;1;;;;;;;;;;;;;;;;;;;;
2003646322;;;;;;;;1;1;;;;;;;;;;;;;1;;;;;;;;;;;;;;;;;;;
2004191584;;;;;;;;;;;;;;;;1;;;;;;;;;;;;;;;;;;;;;;;;;
2004221229;;;;;;;;;;;;;;1;;;2;;;;;;;;;;;;;;;;;;;;;;;;
2004478854;;;;;;;;;;;;;;1;;;;;;;;;;;;;;;;;;;;;;;;;;;
2009187057;;;;;;;;;;;;;;;;;;;;;;1;;;;;;;;;;;;;;;;;;;
2010704438;;;;;;;;;;;;;;;1;;;;;;;;;;;;;;;;;;;;;;;;;;
2014436101;;;;;;;;;;;;;;;;;;;;;1;;;;;;;;;;;;;;;;;;;;
2014856649;;;;;;;;;;;;;;1;;1;;;;;;;1;;;;;;;;;;;;;;;;;;
2015244816;;;;;;;;;;;;;;;1;;;;;;;1;;;;;;;;;;;;;;;;;;;
2016309750;1;;;;;;;;;;;;;;;;;;;;2;;;;;;;;;;;;;;;;;;;;
2026834095;;;;;;;1;;;;;;;;;;;;;;;;;2;1;;;;;;;;;;;;;;;;
2028225999;;;;;;;;;;;;;;;;;;;;;;;;;;;;;;;;;;;1;;;;;;
2029408867;;;;1;;;;;;;;;;;;1;;;;;;;1;;;;;;;;;;;;;;;;;;
2030194798;;;;;;;;;;;;;;;;;;;;;;;;;;1;;;;;;;;;;;;;;;
2030229131;;;;;;;;;;1;;;;;;;;;;;;1;;;;;;;;;;;;;;;;;;;
2038037180;;;;;;;;;;;;;;;1;;;;;;;;;;;;;;;;;;;;;;;;;;
2040329250;;;;;;;;;;;;;;;;1;;;;;;;;;;;;;;;;;;;;;;;;;
2041082164;1;;;;;;5;2;;;;;;;;1;;;;;;;;;;;;;;;;;;;;;;;;;
2041284143;;;;;;;;;;;;;;;;;;;;;;;;;;;;;;;;;;;2;1;2;;;;
2042712594;;;;;;;;;;;;;;;1;;;;;;;;;;;;;;;;;;;;;;;;;;
2044123669;;;;;;;;;;;;;;;;;;;;;;;;;;;;;1;;;;;;;;;;;;1
2050261403;;;;;;;;;1;;;;;1;;;;1;;;;;;;;;;;;;;;;;;;;;;;
2053341737;;;;;;;;;;;;;;;;;;;;;1;;;;;;;;;;;;;;;;;;;;
2054079061;;;1;;;;;;;;;;;;1;1;2;1;;;;;;;;;;;;;;;;;;;;;;;
2054525935;;;;;;;;;;;;;;;;;;;;;;;;;;;;;;;;;;;;;;;;;1
2056528684;;;;;;;;;1;;;;;;;;;;1;;;2;;;;;;;;;;;;;;;;;;;
2058416235;;;;;;;;;;;;;;;;;;;;;;;;;;;;;;;;;;;1;;;;;;
2061944273;;;;;;;;1;;;;;;1;;;;;;;;;;;;;;;;;;;;;;;;;;;
2064412667;;;;;;;;;;;;;;1;1;;;;;;;;;;;;;;;;;;;;;;;;;;
2065137598;1;;;;;;;;;;;;;;;1;;;;;;1;2;;;;;;;;;;;;;;;;;;
2065765346;;;;;;;;;;;;;;;;;;;;;;;;1;;;;;;;;;;;;;;;;;
2066674778;;;;;;;;;;;;;;1;;;;;;;;;;;;;;;;;;;;;;;;;;;
2067036540;;;;;;;;;;;;;;1;;;;;;;;;;;;;;;;;;;;;;;;;;;
2069789301;;;;;;;;;;;;;;1;;;;;;;;;1;;;;;;;;;;;;;;;;;;
2072272994;;;;;;;;;;;;;;;;;;;;;;1;;;;;;;;;;;;;;;;;;;
2073090166;;;;;;;;;;;;;;;;;;;;;;;1;;;;;;;;;;;;;;;;;;
2073365746;;;;;;;;;1;;;;;1;;;;;;;;;;;;;;;;;;;;;;;;;;;
2076009333;;;;;;;;;;1;;;;;1;;1;;;;;1;1;;;;;;;;;;;;;;;;;;
2076767658;;;;;;;;;;;;;;1;;;;;;;;;;;;;;;;;;;;;;;;;;;
2080409743;;;;;;;;;;;;;;;;;1;;;;;;;;;;;;;;;;;;;;;;;;
2086695956;;;;;;;;;;;;;;;;;;1;;;;;;;;;;;;;;;;;;;;;;;
2088729455;;;;;;;;;;;;;;;;;;;;;;;;;;;;;;;;1;;;;;;;;;
2089667295;;;;;;;;;;;;;;1;;;;;;;;;;;;;;;;;;;;;;;;;;;
2095039300;;;;;;;;;;;;;;;;;;;;;;;;;;;;;;2;;;;;;;;;;;
2101764267;;;;;;;;1;;;;;;;;;;;1;;;;;;;;;;;;;;;;;;;;;;
2107613610;;;;;;;;;;;;;;;;;;;;;;;;;;;;;1;;;;;;;;;;;;
2112076109;;;;;;;;;;;;;;;;;;;;;;1;;;;;;;;;;;;;;;;;;;
2115842631;1;;;;;1;;;;;;;;;;;;;;;;1;1;;;;;;;;;;;;;;;;;;
2117062204;;;;;;;;;;;;;;;;;;;1;;;;;;;;;;;;;;;;;;;;;;
2117227335;;;;;;;;;;;;;;;;;;;;;;;;1;;;;;;;;;;;;;;;;;
2117619540;;;;;;;;;;;;;;;2;;;;;;;;;;;;;;;;;;;;;;;;;;
2125957159;;;;;;;;;;;;;;;;;;;;;;1;;;;;;;;;;;;;;;;;;;
2128614404;;;;;;;;;;;;;;1;;;;;;;;;;;;;;;;;;;;;;;;;;;
2131120713;;;;;;;;;;;;;;;1;;;;;;;;;;;;;;;;;;;;;;;;;;
2131123122;;;;;;;;;;;;;;;;1;;;;;;;;;;;;;;;;;;;;;;;;;
2131812924;;;;;;;;;;;;;;1;;;;;;;;;;;;;;;;;;;;;;;;;;;
2135866072;;;;;;;;;;;;;;;1;;;;;;;;;;;;;;;;;;;;;;;;;;
214307927;;;;;;;;;;1;;;;1;;1;;;;;;;;;;;;;;;;;;;;;;;;;
2145648129;1;;;;;;;;;;;;;;;;;;;;;;;;;;;;;;;;;;;;;;;;1
2146115035;1;;;;;;;1;;;;;;;;;;;;;;;;;;;;;;;;;;;1;;;;;;
2146741704;;;;;;;;;;;;;;;;;;;;;;1;;;;;;;;;;;;;;;;;;;
215351092;;;;;;;;;;;;;;;;;;;;;;;1;;;;;;;;;;;;;;;;;;
21610624;;;;;;;;;;;;;;;;1;;;;;;;;;;;;;;;;;;;;;;;;;
217152256;;;;;;;;;;;;;;;;;;;;1;;;;;;;;;;;;;;;;;;;;;
217308901;;;;;;;;;;;;;;;;;;;;;;;;;;;;1;;;;;;;;;;;;;
218111293;;;;;;;;;;;;;;1;;;;;;;;;;;;;;;;;;;;;;;;;;;
220275224;;;;;;;;;;;;;1;1;;;;;;;;;;;;;;;;;;;;;;;;;;;
220968086;;;;;;;;;;;;;;1;;;;;;;;;;;;;;;;;;;;;;;;;;;
228651705;;;;;;;;;;;;;1;;;;;;;;;;;;;;;;;;;;;;;;;;;;
229410473;;;;;;;;;;;;;;;;;;1;;;;;;;;;;;;;;;;;;;;;;;
23007825;;;;;;;;;;;;;;;1;;;;;;;;;;;;;;;;;;;;;;;;;;
230310502;;;;;;;;1;;;;;;;;1;;;;;;;;;;;;;;;;;;;;;;;;;
232076369;;;;;;;;;;;;;;;;;;;;;1;;;;;;;;;;;;;;;;;;;;
237009583;;;;;;;;;;;;;;;;;;;;;1;;;;;;;;;;;;;;;;;;;;
2378398;;;;;;;;;;;;;;;;;;;;;;1;;;;;;;;;;;;;;;;;;;
244286488;;;;;;;;;;;;;;;;;;;;;1;;;;;;;;;;;;;;;;;;;;
244807795;;;;;;;;;;;;;;;;;;;;;;;;1;;;;;;;;;;;;;;;;;
246576319;;;;;;1;1;;1;;;;;;;1;;;;;;;;;;;;;;;;;;;;;;;;;
247009758;;;;;;;;;;;;;;;;;;;;;;;;;;;;;;;;;;;;;1;;;;
249923177;;;;;;;;;;;;;;;;;;;;;;;;;;;;1;1;;;;;;;;;;;;
251881045;;;;;;;;;;;;;;;1;;;;;;;;;;;;;;;;;;;;;;;;;;
257956473;;;;;;;;;;;;;;;;;;;;;;;;;;;;;1;;;;;;;;;;;;
261000843;;;;;;;;;;;;;;;;;;;;;;1;1;1;;;;;;;;;;;;;;;;;
263575660;;;;;;;;;;;;1;1;;;;;;;;;;;;;;;;;;;;;;;;;;;;
263993447;;;;;;;;;;;1;;;;;;;;;;;;;;;;;;;;;;;;;;;;;;
264091156;;;;;;;;;;;;;;;1;;1;;;;;;;;;;;;;;;;;;;;;;;;
267455442;;;;;;;;;2;;;;;;;;;;1;;;;;;;;;;;;;;;;;;;;;;
270094807;1;;;;;;;;;;;;;;;;;;;;1;;;;;;;;;;;;;;;;;;;;
270293228;2;;;;;;;;;;;;;;;;1;;;;;;;;;;;;;;;;;;;;;;;;
270645358;;;;;;;;;;;;;;;;;;;;;;;1;;;1;;;;;;;;;;;;;;;
272914273;;1;;;;;;;1;;;;;;;;;;;;;;;;;;;;;;;1;;;;;;;;;
278655459;;;;;;;;;;;;;;1;;;;;;;;;;;;;;;;;;;;;;;;;;;
280187659;;;;;;;;;;;;;;;;;;;;;;1;;;;;;;;;;;;;;;;;;;
280375037;;;;;;;;;;;;;;1;;;;;;;;;;;;;;;;;;;;;;;;;;;
281584495;;;;;;;1;;;;;;;1;;;;;;;;;;;;;;;;;;;;;;;;;;;
282324516;;;;;;;;;;;;;;;;;;;;;1;;;;;;;;;;;;;;;;;;;;
283912105;;;;;;;;;;;;;;;;1;;;;;;;;;;;;;;;;;;;;;;;;;
285968085;;;;;;;;;;;;;;1;;;;;;;;;;;;;;;;;;;;;;;;;;;
287443201;;;;;;;;;;;;;;1;;3;2;;;;;1;;;;1;;;1;1;;;;;;;;1;;1;
287733168;;;;;;;;;;;;;;;;1;;;;;;;;;;;;;;;;;;;;;;;;;
288101819;;;;;;;;;;;;;;;;;1;;;;;;;;;;;;;;;;;;;;;;;;
289190119;1;;;;;;;;;;;;1;;;;;;;;;;;;;;;;;;;;;;;;;;;;
29262520;;;;;;;;1;;;;;;;;;;;;;;;;;;;;;;;;;;;1;;;;;;
299791990;;;;;;;;;;;;;;;;;;;;;;;;;;;;;;1;;;;;;;;;;;
302243781;;;;;;;;;2;;;;;;;;;;;;1;;1;;;;;;;;;;;;;;;;;;
304997763;;;;;;;;;;;;;;;;;;1;;;1;;;;;;;;;;;;;;;;;;;;
308168613;;;;;;;;;;;;;;;;;;;;;;;;1;;;;;;;;;;;;;;;;;
308693325;;;;;;;;;;;;;;;1;;;;;;;;;;;;;;;;;;;;;;;;;;
317249297;;;;;;;;;;;;;;;2;2;;;;;1;;;;1;;;;;;;;;;;;;;;;
318347411;1;;;;;;;;;;;;;;;;;;;;;;;;;;;;;;;;1;;;;;;;;
325719007;;;;;;;;1;;;;;;;;;;;;;;;;;;1;;;;;;;;;;1;;;1;;
32651295;;;;;;;;;;;;;;;;;;;;;;1;;;;;;;;;;;;;;;;;;;
32896203;;;;;;;;1;;;;;;;;;;;;;2;;;;;;;;;;;;;;;;;;;;
331376649;;;;;;;;;;;;;;1;;;;;;;;;;;;;;;;;;;;;;;;;;;
331714694;;;;;;;;;;;;;;;;;;;;;;;1;;;;;;;;;;;;;;;;;;
331757220;;;;;;;;;;;;;;1;;;;;;;;;;;;;;;;;;;;;;;;;;;
335510563;;;;;;;;;;;;;;1;;;;;;;;;;;;;;;;;;;;;;;;;;;
335928898;;;;;;;;;;;;;;;;;;;;;;;;;;;;;;;;;;;1;;;;;;
336064352;;;;;;;;;;;;;;;2;4;;;;;;;;;;;;;;;;;;;;;;;;;
339030506;;;;;;;;;;;;;;1;;;;;;;;;;;;;;;;;;;;;;;;;;;
340513615;;;;;;;;;;;;;;;;;;;;;1;;;;;;;;;;;;;;;;;;;;
347172371;;;;;;;;;;;;;;;;;;;;;;;;;;;;1;;;;;;;;;;;;;
347188941;;;;;;;;;;1;;;;;;;;;;;;;;;;;;;;;;;;;;1;;;;;
348431608;;;;;;;;;;;;;;;1;;;;;;;;;;;;;;;;;;;;;;;;;;
3565193;;;;;;;;;;;;;;1;;;;;;;;;;;;;;;;;;;;;;;;;;;
358466234;;;;;;;;;;;;;;;;;;;;;1;;;;;;;;;;;;;;;;;;;;
35906326;;;;;;;;;1;;;;;;;;;;;;2;;;;;;;;;;;;;;;;;;;;
36573882;;;;;;;;;;;;1;;1;;;;;;;;;;;;;;;;;;;;;;;;;;;
36643386;1;;;;;;;;;;;;;;;;;;;;;1;;;;;;;;;;;;;;;;;;;
366436425;;;;;;;;;;;;;;;;;;;;;;;;;1;;;;;;;;;;;;;;;;
367315803;1;;;;;;;;1;;;;;;;;;;;;1;;;;;;;;1;;;;;;;;;;;;
368658873;;;;;;;;;;;;;;;1;;;;;;;;;;;;;;;;;;;;;;;;;;
373855965;;;;;;;;;;;1;;;;;;;;;;;;;;;;;;;;;;;;;;;;;;
375160056;;;;;;;;;;;;;;;;;;;;;;1;;;;;;;;;;;;;;;;;;;
376901554;;;;;;;;;;;;;1;2;1;;;;;;;;;;;;;;;;;;;;;;;;;;
384575721;;;;;;;;;;;;;;;1;;;;;;;;;;;;;;;;;;;;;;;;;;
38910561;;;;;;;;;;;;;;;;;;;;;;;;1;;;;;;;;;;;;;;;;;
389236544;;;;;;;;;;;;;;;;;;;;;;;1;;;;;;;;;;;;;;1;;;;
390644947;;;;;;;;;;;;;;;;;1;;;;;;;;;;;;;;;;;;;;;;;;
396856454;;;;;;;;;;;;;;;;;;;;;1;;;;;;;;;;;;;;;;;;;;
397478542;;;;;;;;;;;;;;;;;;;;;;;;1;1;;;;;;;;;;;;;;;;
397684519;;;;;;;1;;;;;;;;;1;;;;;;;;1;;;;;;;;;;;;;;;;;
400018443;;;;;;;;;;;1;;;;;;;;;;;;;;;;;;;;;;;;;;;;;;
400749923;;;;;;;;;;;;;;1;;;;;;;;;;;;;;;;;;;;;;;;;;;
401583982;;;;;;;;;;;;2;3;4;2;1;1;;;;;;;;;;;;2;;;;;;;;;;;;
40318958;;;;;;;;;;;;;;;;;;;;;;;;;;;;;;;;;;;;;;;;1;
406915933;;;;;;;;;;;1;;;;;;;;;;;;;;;;;;;;;;;;;;;;;;
407842613;;;;;;;;;;;;;;1;;;;;;;;;;;;;;;;;;;;;;;;;;;
408881917;;;;;;;;;;;;;;;1;;;;;;;;;;;;;;;;;;;;;;;;;;
410499784;;;;;;;;;;;;;;;;;;;;;;1;;;;;;;;;;;;;;;;;;;
411951352;;;;;;;;;;;;;;;2;;;;;;1;;;;;;;;;;;;;;;;;;;;
412032305;;;;;;;;;;;;;;;;;;;;;;;;;;;;;;;;;;;;;;;;;1
413189026;;;;;;;;;;;;;;;;;;;;;;;;1;;;;;;;;;;;;;;;;;
415600988;1;;;;;;;;;;;;;1;;;;;;;;;;;;;;;;;;;;;;;;;;;
415806444;;;;;;;;;;;;;;;1;;;;;;;;;;;;;;;;;;;;;;;;;;
41737920;;;;;;;;;;;1;;;;;;;;;;;;;;;;;;;;;;;;1;;;;;;
419249974;;;;;;;;;;;;;;1;;;;;;;;;;;;;;;;;;;;;;;;;;;
420028235;;;;;;;;;;;;;;1;;;;;;;;;;;2;;;;;;;;;;;;;;;;
420147328;;1;;;;;;;;;;;;;2;;;;;;;;;;;;;;;;;;;;;;;;;;
421544635;;;;;;;;;1;;;;;1;;;;;;;;;;;;;;;;;;;;;;;;;;;
423941063;;;;;;;;;;;;;;;;;;;;;;;;;1;;;;;;;;;;;;;;;;
425749663;;;;;;;;;;;;;;;1;;;;;;;;;;;;;;;;;;;;;;;;;;
427433357;;;;;;;;;;;;;;;;;;;;;;;;;;;;;;;;;;;1;;;;;;
428376679;;;;1;;;;;;;;;;;1;;;;;;;;1;;;;;;;;;;;;;;;;;;
428467556;;;;;;;;;;;;;;;;;;;;;1;;;;;;;;;;;;;;;;;;;;
432488506;;;;;;1;;;;;;;;;;;;;;;;1;;;;;;;;;;;;;;;;;;;
434151627;;;;;;;;;1;;;;;;;;;;;;;1;;;;;;;;;;;;;;;;;;;
435226076;;;;;;;;;;;;;;;;;;;;;1;;;;;;;;;;;;;;;;;;;;
436473169;1;;;;;;;;;;;;;;;;;;;;1;;;;;;;;;;;;;;;;;;;;
437203034;;;;;;;;;;;;;;;1;;;;;;;;;;;;;;;;;;;;;;;;;;
438628404;;;;;;;;;;;;;;;;;;;;;;;;1;;;;;;;;;;;;;;;;;
440984934;;;;;;;;;;;;;;1;;;;;;;;;;;;;;;;;;;;;;;;;;;
442490307;;;;;;;;;;;;;;;1;;;;;;;;;;;;;;;;;;;;;;;;;;
443309026;;;;;;;;;;;;;;;;;;;;;1;;;;;;;;;;;;;;;;;;;;
446374835;;;;;;;;;;;;;;1;;;;;;;;;;;;;;;;;;;;;;;;;;;
454152532;;;;;;;;;;;;;;;;;;;;;1;;;;;;;;;;;;;;;;;;;;
454923240;;;;;;;;;;;;;;;;;;;;;;;;;;;1;;;;;;;;;;;;;;
460160792;;;;;;;;;;;;;;1;;;;;;;;;;;;;;;;;;;;;;;;;;;
463996316;;1;;;;;;;;;;;;;;;;;;;;;;;;;;;;;1;;1;;;;;;;;
465850407;;;;;;;;;;;;;;;;;;;;;1;;;;;;;;;;;;;;;;;;;;
467064610;;;;;;;;;;;;;;;;;;;;;1;;;;;;;;;;;;;;;;;;;;
469170887;;;;;;;;;;;;;;;;;;;;;1;;;;;;;;;;;;;;;;;;;;
47444104;;;;;;;;;;;;;;;;;;;;;;;;;;;;;;;;;;;1;;;;1;;
477480293;;;;;;;;;;;;;;;;;;;;;1;;;;;;;;;;;;;;;;;;;;
477809583;;;;;;;;;;;;;;1;;;;;;;;;;;;;;;;;;;;;;;;;;;
4789419;;;;;;;;;;;;;;;;;;;;;1;;;;;;;;;;;;;;;;;;;;
479615505;;;;;;;;;;;;;;;;;;;;;;1;;;;;;;;;;;;;;;;;;;
484011469;;;;;;;;;;;;;;;;;;;;;;2;;;;;;;;;;;;;;;;;;;
48572502;;;;;;;;;;;;;;;1;;;;;;;;;;;;;;;;;;;;;;;;;;
486656845;2;;;;;1;;;;;;;;;;;;;;;1;;;;;;;;;;;;;;;;;;;;
486991367;;;;;;;;;;;1;;;;;;;;;;;;;;;;;;;;;;;;;;;;;;
488100633;;;;;;;;;;;;;;;;;;;;;;;;;;;;;;;;1;;;;;;;;;
488628664;;;;;;;;;;;;;;;;;;;;;1;;;;;;;;;;;;;;;;;;;;
493718278;1;;;;;;;;;;;;1;;;;;;;;;;;;;;;;;;;;;;;;;;;;
495518343;;;;;;;;;;;;;;;;1;;;;;;;;;;;;;;;;;;;;;;;;;
496137491;;;;;;;;;;;;;;;;;;;;;;;;2;;;;;;;;;;;;;;;;;
497509507;;1;;;;;;1;;;;;;1;;;;;;;;;;;;;;;;;;;;;;;;;;;
500104955;;;;;;;;;;;;;;;;;;;;;;;;;;;;;;;;;;;;1;;;;;
501996222;;;;;;;;;;;;;;;;;;;;;;;;;;;;;;1;;;;;;;;;;;
506316236;1;1;;;;;;1;3;;;;;1;;1;;;;;;;;;;;;;;;;2;;;;;;;;;
507516808;;;;;;;;;;;;;;;;;;;;;;;;;;1;;;;;;;;;;;;;;;
509731510;;;;;;;;;;1;;;;;;;;;1;;;2;;;;2;1;;;;;;;;;;;;;;
512947240;;;;;;;;;;;;;;1;;;;;;;;;;;;;;;;;;;;;;;;;;;
514990052;;;;;;;;;;;;;;;;;;;;;1;;;;;;;;;;;;;;;;;;;;
515078569;;;;;;;;;;;;;;1;;;;;;;;;;;;;;;;;;;;;;;;;;;
515369133;;1;;;;;;;;;;;;;;;;;;;;;;;;;;1;;;;;;;;;;;;;
515725535;;;;;;;;;;;;;;;1;;;;;;;;;;;;;;;;;;;;;1;;;;;
516224952;;;;;;;;;;;;;;1;;;;;;;;;;;;;;;;;;;;;;;;;;;
519292605;1;;;;;;;;;;;;;;;1;;;;;;;;;;;;;;;;;;;;;;;;;
522842293;;;;;;;;;;;;;;;1;;;;;;;;;;;;;;;;;;;;;;;;;;
525195146;;;;;;;;;;;;;;;;;;;;;;;;;;;;;;;;;;1;;;;;;;
529787410;;;;;;;;;;;;;;1;1;;;;;;;;;;;;;;;;;;;;;;;;;;
530324935;;;;;;;;;;;;;;;;;;;;;;;;;;;;2;;;;;;;;;;;;;
531138497;;;1;;;1;;;;;;;;;;;;;;;;;;;;;1;;;;;;;;;;;;;;
53320149;;;;;;;;;;;;;;;;;;;;;;1;;;;;;;;;;;;;;1;;;;;
537708379;;;;;;;;;;;;;;;;;;;;;;1;;;;;;;;;;;;;;;;;;;
537988546;;;;;;;;;;;;;;;;;;;;;;;;;;;;;;;;;;;;;;;;;1
540316963;;;;;;;;;;;;;;;1;;;;;;;;;;;;;;;;;;;;;;;;;;
540641020;;;;;;;;1;;;1;;;;;;;;;;;1;;;;;;;;;;;;;;;;;;;
542060490;;;;;;;;1;;;;;;;;;;;;;2;;;;;;;;;;;;;;;;;;;;
546026143;;;;;;;;;;;1;1;;1;1;;;;;;;;;;;;;;;;;;;;;;;;1;;
54752033;;;;;;;;;;;;;;;;;;;;;1;;;;;;;;;;;;;;;;;;;;
547581078;;;;;;;;;;;;;;;;;;;;;;;;;;;;;;;;;1;;;;;;;;
553096593;;;;;;;;;;;;;;;;;;;;;1;;;;;;;1;;;;;;;;;;;;;
555952809;;;;;;;;;;;;;;;;;;;;;;;;;;;;;;1;;;;;;;;;;;
556368980;;;;;;;;;;;;;;;;;;;;;1;;;;;;;;;;;;;;;;;;;;
556511229;;;;;;;;;;;;;;1;;;;;;;;;;;;;;;;;;;;;;;;;;;
55671533;1;;;;;;;;;;;;;;1;;;;;;;;;;;;;;;;;;;;;;;;;;
560655304;;;;;;;;;;;;;;;;;;;;;;2;1;;;;;;;;;;;;;;;;;;
560745041;;;;;;;;;;;;;;1;;1;;;;;;;;;;;;;;;;;;;;;;;;;
56928340;1;;;;;;;;;;;;;;;;;;;;;1;1;;;;;;;;;;;;;;;;;;
573591062;;;;;;;;;;;;;;1;;;;;;;;;;;;;;;;;;;;;;;;;;;
574910668;;;;;;;;;;;;1;;;;;;;;;;;;;;;;;;;;;;1;;;;;;;
57813062;;;;;;;;;;;;;;;;;;1;;;;;;;;;;;;;;;;;;;;;;;
581395275;;;;;;;;;;;;;;;1;;;;;;;;;;;;;;;;;;;;;;;;;;
584740080;;;;;;;;;;;;;;;;;;;;;1;;;;;;;;;;;;;;;;;;;;
584756287;;;;;;;;;;;;;;;;;;;;;;1;;;;;;;;;;;;;;;;;;;
585049058;;;;;;;;;;;;1;;;;;;;;;;;;;;;;;;;;;;;;;;;;;
585071362;;;;;;;;;;;;;;;;;;;;;;;;;;;;;;;;;;;;1;;;;;
587182724;1;;;;;;;;;;;;;;;;;1;1;;;;;;;;;;;;;;;;;;;;;;
588749656;;;;;;;;;;;;;;;;;;;;;;;;;;;;1;;;;;;;;;;;;;
59033049;;;;;;;;;;;;;;;;;;;;;1;;;;;;;;;;;;;;;;;;;;
591672048;;;;;;;;;;;1;;;;;;;;;;;;;;;;;;;;;;;;;;;;;;
599796999;;;;;;;;;;;;;;;;;;;;;;1;;;;;;;;;;;;;;;;;;;
602346880;;;;;;;;;;;;;;1;;;;;;;;;;;;;;;;;;;;;;;;;;;
604644450;;;;;;;;;;;;;;;;;;;;;;;;;;;;;;;1;;;;;;1;;;;
611453037;;;;;;;;;;;;;;;;;;;;;;1;;;;;;;;;;;;;;;;;;;
612288343;;;;;;;;;;;;;;;;;;;;;;2;;;;;;;;;;;;;;;;;;;
614604336;;;;;;;;;;;;;;;1;;;;;;;1;;;;;;;;;;;;;;;;;;;
616157372;;;;;;;;;1;;;;;;1;;;;;;;;;;;;;;;;;;;;;;;;;;
616185540;;;;;;;;;;;;;;;;;;;;;1;;;;;;;;;;;;;;;;;;;;
616931118;;;;;;;;;;;1;;;;;;;;;;;;;;;;;;;;;;;;;;;;;;
629729524;;;;;;;;;;;;;;;1;1;;;;;;;;;;;;;;;;;;;;;;;;;
632298097;;;;;;;;;;;;;;;;;;;;;1;;;;;;;;;;;;;;;;;;;;
640868423;;;;;;;;;;;1;;;;;;1;;;;;;;;;;;;;;;;;;;;;;;;
642024205;;;;;;;;;1;;;;;;;;;;;;1;;;;;;;;;;;;;;;;;;;;
645453718;;;;;;;;;;;;;;1;1;;;;;;;;;;;;;;;;;;;;;;;;;;
646210976;;;;;;;;;;;;;;;;1;;;;;;;;;;;;;;;;;;;;;;;;;
650221147;;;;;;;;;;;;;;;;;1;;;;;;;;;;;;;;;;;;;;;;;;
65084843;;;;;;;;;;;;;;1;;;;;;;;;;;;;;;;;;;;;;;;;;;
652837114;;;;;;;;;;;;;;;1;;;;;;;1;;;;;;;;;;;;;;;;;;;
653711278;;;;;;;;;;;;;;;;;1;;;;;;;;;;;;;;;;;;;;;;;;
65412165;;;;;;;;;;;;;;1;;;;;;;;;;;;;;;;;;;;;;;;;;;
655210881;;;;;;;;;;;;;;;;;;;;;;;;1;;;;;;;;;;;;;;;;;
659104042;;;;;;;;;;;;;;;;;;;;;;1;;;;;;;;;;;;;;;;;;;
659482234;;;;;;;;;;;;;;;;1;;;;;;;;;;;;;;;;;;;;;;;;;
663029956;;;;;;;;;;;;;;;;;;;1;;;;;;1;;;;;;;;;;;;;;;;
664100217;;;;;;;;;;;;1;;;;;;;;;;;;;;;;;;;;;;;;;;;;;
664894401;;;;;;;;;;;;;;;;;;;;;;;;;;;;;;;;;;;;;;;1;;
667032743;;;;;;;;;1;;;;;;2;;;;;;;;;;;;;1;;;;;;;;;;;;;
667625123;;;;;;;;;;;;;;;;;;;;;;1;;;;;;;;;;;;;;;;;;;
668649290;;;;;;;;;;;;;;1;;;;;;;;;;;;;;;;;;;;;;;;;;;
670689964;;;;;;;;;;;;;;1;;;;;;;;;;;;;;;;;;;;;;;;;;;
67270312;;;;;;;;;;;;1;;;;;;;;;;;;;;;;;;;;;;;;;;;;;
673014535234384200;1;1;;;;;;;;;;;1;;;;;;;;;;;;;;;;;;;;;;;;;;;;
673505621;;;;;;;;;;;;;;1;;;;;;;;;;;;;;;;;;;;;;;;;;;
675806508;;;;;;;;;;;;;;1;;;;;;;;;;;;;;;;;;;;;;;;;;;
676882640;;;;;;;;;;;;;;;1;;;;;;;;;;;;;;;;;;;;;;;;;;
677420211;;;;;;;;;;;;;;;;;;;;;1;;;;;;;;;;;;;;;;;;;;
677834254;;;;;;;;;;;;;;;;;;;;;;;;;;;;;;;;;;;;;;;1;;
680501387;;;;;;;;;;;;;;;;;;;;;;1;;;;;;;;;;;;;;;;;;;
68063930;;;;;;;;;;;;;;;;;;;;;1;;;;;;;;;;;;;;;;;;;;
684416899;;;;;;;;;;;;;;;;;;;;;;;1;;;;;;;;;;;;;;;;;;
68468768;;;;;;;;;;;;;;1;;;;;;;;;;;;;;;;;;;;;;;;;;;
686550635;;;;;;;;;;;;;;;;;;;;;;1;;;;;;;;;;;;;;;;;;;
687404165;;;;;;;;;;;;;;1;;;;;;;;;;;;;;;;;;;;;;;;;;;
689154251;;2;;1;;;1;;;;;;;;;;;;1;;;;;;;;;;;;1;;;1;;;;;;;
691363149;;;;;;;;;1;;;;;1;;;;;;;;;;;;;;;;;;;;;;;;;;;
692779658;;1;;;;;;;;;;;;;;;;;;;1;;;;;;;;;;;;;;;;;;;;
694278211;;;;;;;;;;;;;;1;;;;;;;;;;;;;;;;;;;;;;;;;;;
700833456;;;;;;;;;;;;;;;;;;;;;;;1;1;;;;;;;;;;;;;;;;;
701963270;1;;;;;;;;1;;;;;;;1;;;;;;;;;;;;;;;;;;;;;;;;;
703696685;;;;;;;;;;;;;;;;;;;;;1;;;;;;;;;;;;;;;;;;;;
705878879;;;;;;;;;;;;;;;;;;;;;;;1;;;;;;;;;;;;;;;;;;
705960009;;;;;;;;;;;;;;;;;;;;;;;;1;;;;;;;;;;;;;;;;;
709682905;;;;;;;;;;;;;;1;2;;;;;;;;1;;;;;;;;;;;;;;;;;;
716734926;;;;;;;;;;;;;;;;;;;;;1;;;;;;;;;;;;;;;;;;;;
721206598;;;;;;;;;;;;;;1;;;;;;;;;;;;;;;;;;;;;;;;;;;
723078718;;;;;;;;;;;;;1;;1;1;;;;;1;;;;;;;1;;;;;;;;;;;;;
726381458;;;;;;;;;;;1;;;;;;;;;;;;;;;;;;;;;;;;;;;;;;
732085477;;;;;;;;;;;;;;;;;;;;;;;;;;1;;;;;;;;;;;;;;;
732458059;;;;;;;;;;;;;;1;;;;;;;;;;;;;;;;;;;;;;;;;;;
735055566;;;;;;;;;;;;1;;;;;;;;;;;;;;;;;;;;;;;;;;;;;
736286;;;;;;;;;;;;;;;;;;;;;;;1;;;;;;;;;;;;;;;;;;
73936294;;;;;;;;;;;;;;;1;;;;;;;;;;;;;;;;;;;;;;;;;;
739738535;1;;;;;;;1;;;;;;;;;;;;2;;1;;;;;;;;;;;1;;;;;;;;
740788168;;;;;;;;;;;;;;3;;;;;;;;;;;;;;;;;;;;;;;;;;;
741013638;;;;;;;;;;;;;;1;;;2;;;;;;;;;;;;;;;;;;;;;;;;
741352744;;;;;;;;;;;;;;;1;1;;;;;;1;;;;;;;;;;;;;;;;;;;
747641084;;;;;;;;;;;;;;;;1;;;1;;;;;;;;;;;;;;;;;;;;;;
748063433;;;;;;;;;;;;;;1;;;;;;;;;;;;;;;;;;;;;;;;;;;
748834779;;;;;;;;;;;;;;;;1;;;;;;;;;;;;;;;;;;;;;;;;;
752083431;;;;;;;;;;;;;;1;;;;;;;;;;;;;;;;;;;;;;;;;;;
753064871;;;;;;;;;;;;;;;;;;;;;;;;;;;;;;;;;;;;;;;1;;
755025428;;;;;;;;;;;;;;1;;;;;;;;;;;;;;;;;;;;;;;;;;;
756680618;1;1;;;;;;;;;;;;1;;;;;;;;;;;;;;;;;;;;;;;;;;;
758136549;;;;;;;;;;;;;;;;;;;;;1;;;;;;;;;;;;;;;;;;;;
765690190;;;;;;;;;;;;;;;;;;;;1;;;;;;;;;;;;;;;;;;;;;
766041485;;;;;;;;;;;;;;;;;;;;;;1;;;;;;;;;;;;;;;;;;;
769206060;;;;;;;;1;;;;;;;;2;;;;;;;;;;;;;;;;;;;;;;;;;
772281879;1;;;;;;;;;;;;;;;1;;;1;;;;;;;;;;;;;;;;;;;;;;
773948447;;;;;;;;;;;;;;;;;;;;;;1;;;;;;;;;;;;;;;;;;;
775220753;;;;;;;;;1;;;;;1;;;;;;;;;;;;;;;;;;;;;;;;;;;
776613320;;;;;;;;;;;;;;;;;;;;;;;;;;;;;;;;;;;1;;;;;;
777283177;;;;;;;;;;;;;;;;;;;;;;;;;;;;;;;;;;;;;1;;;;
779419614;;;;;;;;;;;;;;;;;;;;;;;1;;;;;;;;;;;;;;;;;;
780409315;1;;;;;;;;;;;;;1;;;;;;;;;;;;;;;;;;;;;;;;;;;
780526019;;;;;;;;;;;;;;;;;;;;;1;;;;;;;;;;;;;;;;;;;;
780774869;;;;;;;;;;;;;;;;;;;;;1;;;;;;;;;;;;;;;;;;;;
782179400;;;;;;;;;;;;;;;;;;;;;1;;;;;;;;;;;;;;;;;;;;
783268815;;;;;;;;;;;;;;1;;;;;;;;;;;;;;;;;;;;;;;;;;;
784187412;;;;;;;;;;;;;;;;;;;;;;1;;;;;;;;;;;;;;;;;;;
784323389;;;;;;;;;;;;;;;;;;;;;;;;;;;;;1;;;;;;;;;1;;;
786239199;;;;;;;;;;;;;;;;;;;;;;;;;;;;;;;;;;;;;;;;1;
790137683;;;;;;;;;;;;;;;;;;;;;;1;;;;;;;;;;;;;;;;;;;
791755227;;;;;;;;1;;;;;;1;;;;;;;;;;;;;;;;;;;;;;;;;;;
792751278;;;;;;;;;;;;;;;;;;;;;1;;;;;;;;;;;;;;;;;;;;
795453357;;;;;;;;;;;;;;;1;;;;;;;;;;;;;;;;;;;;;;;;;;
79885975;;;;;;;;;;;;;;1;;;;;;;;;;;;;;;;;;;;;;;;;;;
7991270;;;;;;;;;;;;;;1;;;;;;;;;;;;;;;;;;;;;;;;;;;
799584555;;;;;;;;;;;;;;1;;;;;;;;;;;;;;;;;;;;;;;;;;;
801789343;;;;1;;;;;1;;;;;;;;;;;;1;;;;;;;;;;;;;;;;;;;;
801857772;1;;;;;;;;;;;;;1;;;;;;;;;;;;;;;;;;;;;;;;;;;
802846819;;;;;;;;;;;1;;;;;;;;;;;;;;;;;;;;;;;;;;;;;;
81292945;;;;;;;;;;;;;;3;;;;;;;;;;;;;;;;;;;;;;;;;;;
813498835;;;;;;;;1;1;;;;;;;;;;;;;2;;;;;;;;;;;;;;;;;;;
813536372;;;;;;;1;;;;;;;;;;;;1;;;;;;;;;;;;;;;;;;;;;;
819217115;;;;;;;;;;;;;;;;;;;;;1;;;;;;;;;;;;;;;;;;;;
819486049;;;;;;;;;;;;;;1;;;;;;;;;;;;;;;;;;;;;;;;;;;
820556846;;;;;;;;;;;;;;;1;;;;;;;;;;;;;;;;;;;;;;;;;;
820617908;;;;;;;;;;;;;;;;;;;;;1;;;;;;;;;;;;;;;;;;;;
824797465;;;;;;;;;;;;;;;;;;;;;1;;;;;;;;;;;;;;;;;;;;
827415760;;;;;;;;;;;;;;;;;;;;;;;;;;1;;;;;;;;;;;;;;;
82785954;;;;;;;;;;;;;;;;;;;;;;2;1;;;;;;;;;;;;;;;;;;
830474135;;;;;;;;1;;;;;;1;;;;;;;;;;;;;;;;;;;;;;;;;;;
831160244;;;;;;;;;;;;;;;1;;;;;;;;;;;;;;;;;;;;;;;;;;
832443022;;;;;;;;;;;;;;;;;;;;;;;;;;;;;;;;;;1;;1;;;1;;
836241371;;;;;;;;;;;;;;;;;;;;;1;;;;;;;;;;;;;;;;;;;;
836360322;;;;;;;;;;;;;;;;;;;;;1;;;;;;;;;;;;;;;;;;;;
837804935;;;;;;;;;;;;;;;;;;;;;1;;;;;;;;;;;;;;;;;;;;
839521224;;;;;;;;;;;;;;;1;;;;;;;;;;;;;;;;;;;;;;;;;;
840850367;;;;;;;;;;;;;;;;;;;;;;;;;;;;;;;;;;;2;;;;;;
841036022;;;;;;;;;;;;1;3;2;;;;;;;;;;;;;;;;;;;;;;;;;;;
841251910;;;;;;;;;;;;;;;;;;;;;;;;;;;;;;;;;;1;;;;;;;
84357797;;;;;;;;;;;;;;;;;;;;;;;;;;;;1;;;;;;;;;;;;;
848878582;;;;;;;;;;;;;;;;;;;;;;;;1;;;;;;;;;;;;;;;;;
850149766;;;;;;;;;;;;;;1;;;;;;;;;;;;;;;;;;;;;;;;;;;
850470581;;;;;;;;;;;;2;;;;;;;;;;;;;;;;;;;;;;;;;;;;;
85392220;;;;;;;;;;;;;;;;;;;;;1;;;;;;;;;;;;;;;;;;;;
860622872;;;;;;;;;;;;;;1;;;;;;;;;;;;;;;;;;;;;;;;;;;1
862423640;;;;;;;;;;;;;;;;;;;;;;;;;;;;;;;;;;;;;1;;;;
864813744;;;;;;;;;;;;;;1;;;;;;;;;;;;;;;;;;;;;;;;;;;
864927207;;;;;;;;;;;;;;;;;;;;;;;1;;;;;;;;;;;;;;;;;;
866100883;;;;;;;;;;;1;;;;;;;;;;;;;;;;;;;;;;;;;;;;;;
868226508;;;;;;;;;;;;;;;;;;;;;;1;;;;1;;;;;;;;;;;;;;;
868385199;;;;;;;;1;;;;;;;;;;;;;1;;;;;;;;;;;;;;;;;;;;
868602649;;;;;;;;;;;;;;;;;;;;;1;;;;;;;;;;;;;;;;;;;;
869352231;;;;;;;;;;;;;;;;;;;;;;1;;;;;;;;;;;;;;;;;;;
875571544;;;;;;;;;;;;;;1;;;;;;;;;;;;;;;;;;;;;;;;;;;
877500808;;;;;;;;;;;;;;;;;;;;;;;;;;;;;;;;1;;;;;;;;;
879525663;;;;;;;;;;;;1;;;;;;;;;;;;;;;;;;;;;;;;;;;;;
883332178;;;;;;;;;;;;;;;;;;;;;;1;;;;;;;;;;;;;;;;;;;
894736917;;;;;;;;;1;;;;;;1;;;;;;;;;;;;;;;;;;;;;;;;;;
895910830;;;;;;;;;;;;;;;;;;;;;;;1;;;;;;;;;;;;;;;;;;
896074027;;;;;;;;;;;;;;;;;;;;;;;;;;;;1;;;;;;;;;;;;;
900439827;;;;;;;;;;;;;;1;;;;;;;;;;;;;;;;;;;;;;;;;;;
900655723;;;;;;;;;;;;;;;;;;;;;;1;;;;;;;;;;;;;;;;;;;
902836450;;;;;;;;;;1;;;;;1;;;;;;;;;;;;;;;;;;;;;;;;;;
903483675;;;;;;;;;;;;;;1;;;;;;;;;;;;;;;;;;;;;;;;;;;
903518644;;;;;;;;;;;;;;1;;;;;;;;;;;;;;;;;;;;;;;;;;;
907480702;2;1;1;;;;;;;;;;;;;;;;;;1;1;;;;;;;;;;;;;;;;;;;
908767515;;;;;;;;;;;;;;;;;;;;;1;;;;;;;;;;;;;;;;;;;;
911720855;;1;;;;;;;3;;;;1;1;;;;;;;;;;;;;;;;;;;;;;;;;;;
915463562;;;;;;;;;;;;;;;;;;;;;;;;;;1;;;;;;;;;;;;;;;
919579383;;;;;;;;;;;;;;1;;;;;;;;;;;;;;;;;;;;;;;;;;;
921245141;;;;;;;;;;;;;;;;;;;;;3;;;;;;;;;;;;;;;;;;;;
9226149;;;;;;;;;;;;;;;1;;;;;;;;;;;;;;;;;;;;;;;;;;1
928417114;;;;;;;;;1;;1;;;;;;;;;;;;;;;;;;;;;;;;;;;;;;
930037928;;;;;;;;;;;;;;;;;1;;;;;;;;;;;;1;;;;;;;;;;;;
931254880;1;;;;;;;;;;;;;;;;;;;;1;;;;;;;;;;;;;;;;;;;;
935351289;;;;;;;;;;;;;;1;;1;;;;;;;;;;;;;;;;;;;;;;;;;
939644687;;;;;;;;;;;;;;;;;;1;;;;;;;;;;;;;;;;;;;;;;;
94205475;;;;;;;;;;;;;;1;;;;;;;;;;;;;;;;;;;;;;;;;;;
943317051;;;;;;;;;;;;;;;;;;;;;1;;;;;;;;;;;;;;;;;;;;
9482159;1;;;;;;;;;;;;;;;;;;;;;;;;;;;;;1;;;;;;;;;;;
95889947;;;;;;;;;;;;;;;;;;;;;;;;;1;;;;;;;;;;;;;;;;
960472540;;;;;;;;;;;;;;;;;;;;;1;;;;;;;;;;;;;;;;;;;;
961444220;;;;;;;;;;;;;;1;;;;;;;;;;;;;;;;;;;;;;;;;;;
967838950;;;;;;;;;;;;;;;;;;;;;;1;;;;;;;;;;;;;;;;;;;
969750033;;;;;;;;;;;;;;1;;;;;;;;;;;;;;;;;;;;;;;;;;;
96978852;;;;;;1;;;;;;;;;;;;1;;;;;;;;;;;;;;;;;;;;;;;
970094384;;;;;;;;;;;;;;;;;;;;;1;;;;;;;;;;;;;;;;;;;;
97183002;;;;;;;;;;;;;;1;1;;;;;;;;;;;;;;;;;;;;;;;;;;
9725400;1;;;;;;;;;;;;;;;;;;;;1;;;;;;;;;;;;;;;;;;;;
972941207;1;;;;;;;1;;;;;;1;;;;;;;;;;;;;;;;;;;;1;;;;;;;
974665269;;;;;;;;;;;;;;;;1;;;;;;;;;;;;;;;;;;;;;;;;;
976350862;;;;;;;;;;;;;;;;1;;;;;;;;;;;;;;;;;;;;;;;;;
977498867;;;;;;;;1;;;;;;;1;;;;;;;;;;;;;;;;;;;;;;;;;;
981706536;1;;;;;;;;;;;;;;;;;;;;;;;;;;;1;;;;;;;;;;;;;
984174385;;;;;;;;;;;;;;;;;;;;;;;;;;;;;;;1;;;;;;;;;;
984700961;;;;;;;;;;;;;;1;;;;;;;;;;;;;;;;;;;;;;;;;;;
986927034;;;;;;;;;;;;;;1;;;;;;;;;;;;;;;;;;;;;;;;;;;
988977607;;;;;;;;;;;;;;;;;;;;;;;1;;;;;;;;;;;;;;;;;;
990441184;;;;;;;;;;;;;;;;1;;;;;;;;;;;;;;;;;;;;;;;;;
994858473;;;;;;;;;;;;;;;;;;;;;;1;;;;;;;;;;;;;;;;;;;
99494655;;;;;;;;;;;;;;;;;;;;;1;;;;;;;;;;;;;;;;;;;;
995085778;;;;;;;;;;;;;;;;;;;1;;;;;;;;;;;;;;;;;;;;;;
995757787;;;;;;;;;;;;;;1;;;;;;;;;;;;;;;;;;;;;;;;;;;
995985006;;;;;;;;;;;;;;1;;;;;;;;;;;;;;;;;;;;;;;;;;;
996544939;;;;;;;;;;;;;;;;;;;;;1;;;;;;;;;;;;;;;;;;;;
997758349;;;;;;;;;;;;;;;;;;;;;1;;;;;;;;;;;;;;;;;;;;
998301221;;;;;;;;;;;;;;;;;;;;;;1;;;;;;;;;;;;;;;;;;;
999016827;;;;;;;;;;;;;;;;1;;;;;;;;;;;;;;;;;;;;;;;;;
999717970;;;;;;;;;;;;;;;;;;;;;2;;;;;;;;;;;;;;;;;;;;
