CODE;VERSION;STATUS_CODE;ORIG_SALES_CHANNEL_CODE;CURR_SALES_CHANNEL_CODE;TRAVEL_AGENT_CODE;TRAVEL_AGENT_NAME;AGENT_CONTACT;LOYALTY_MEMBER_STATED;OFFER_CODE;DATE_CREATED;date;FIRST_EVENT;LAST_EVENT;CURRENCY_CODE;TOTAL_PRICE;SUB_SALES_CHANNEL_CODE;OLP_ID;PAYMENT_METHOD_CODE;PAYMENT_DATE;PAYMENT_DESCRIPTION;OUT_ROUTE_CODE;OUT_FERRY_CODE;OUT_PRODUCT_CODE;OUT_DEPARTURE_DATE;dptdate;daysahead;OUT_DEPARTURE_TIME;OUT_NO_OF_INFANT;OUT_NO_OF_ADULT;OUT_NO_OF_STUDENT;OUT_NO_OF_SENIOR;OUT_NO_OF_CHILD;OUT_VEHICLE_CATEGORY;OUT_VEHICLE_CATEGORY_DESC;OUT_CABIN_CODE;OUT_CABIN_DESCRIPTION;OUT_CABIN_NO_RESERVED;OUT_ROOM_CATEGORY_CODE;OUT_ROOM_CODE;OUT_ROOM_DESCRIPTION;HOME_ROUTE_CODE;HOME_FERRY_CODE;HOME_PRODUCT_CODE;HOME_DEPARTURE_DATE;returndate;cleandate;HOME_DEPARTURE_TIME;HOME_NO_OF_INFANT;HOME_NO_OF_ADULT;HOME_NO_OF_STUDENT;HOME_NO_OF_SENIOR;HOME_NO_OF_CHILD;HOME_VEHICLE_CATEGORY;HOME_VEHICLE_CATEGORY_DESC;HOME_CABIN_CODE;HOME_CABIN_DESCRIPTION;HOME_CABIN_NO_RESERVED;HOME_ROOM_CATEGORY_CODE;HOME_ROOM_CODE;HOME_ROOM_DESCRIPTION;CUSTOMER_ID;POSTCODE;TOWN;COUNTRY_CODE;HAS_STORED_PROFILE;LOYALTY_TYPE;LOYALTY_JOINED_DATE
70000056;1;CONFIRMED;PIB;PIB;;;;0;;2014-08-09 00:39:57.000;2014-08-09;2014-08-14 00:00:00.000;2014-08-14 23:50:00.000;SEK;1080.00;;;CC;2014-08-09 00:43:30.897;CC Credit Card in Call Centre;GOFR;DANI;XDDAGXBAD;2014-08-14 00:00:00.000;2014-08-14;5;915;;2;;;1;;;;;;RESTAURANT;DA09MET1B;Restaurant Metropolitan, 09.15-10.15;FRGO;JUTL;XDDAGXBAD;2014-08-14 00:00:00.000;2014-08-14;0;2015;;2;;;1;;;;;;;;;192711;41658;Göteborg;SWE;0;;
70000058;1;CONFIRMED;PIB;PIB;;;;0;;2014-09-23 21:41:27.000;2014-09-23;2014-10-01 00:00:00.000;2014-10-01 15:15:00.000;SEK;99.20;;;CC;2014-09-23 21:50:22.847;CC Credit Card in Call Centre;GOFR;DANI;XDSKRAP;2014-10-01 00:00:00.000;2014-10-01;8;800;;2;;;;;;;;;;;;FRGO;DANI;XDSKRAP;2014-10-01 00:00:00.000;2014-10-01;0;1150;;2;;;;;;;;;;;;31173;41745;Göteborg;SWE;1;STSWB;2015-04-05 00:00:00.000
70000074;1;CONFIRMED;PIB;PIB;;;;1;;2015-07-08 14:12:12.000;2015-07-08;2015-07-23 00:00:00.000;2015-07-25 23:20:00.000;SEK;3792.00;;;IB;2015-07-08 14:14:55.173;IB INTERNET BANK PAYMENT;GOFR;DANI;FLEXI;2015-07-23 00:00:00.000;2015-07-23;15;800;;2;;;2;CAR600200;Car, MPV, 4x4 up to 1.8m high;;;;RESTAURANT;DA06MET1;Restaurant Metropolitan, 08.00-09.15;FRGO;DANI;FLEXI;2015-07-25 00:00:00.000;2015-07-25;2;2000;;2;;;2;CAR600200;Car, MPV, 4x4 up to 1.8m high;;;;;;;65725;442 90;Kungälv;SWE;1;STSWG;2003-11-24 00:00:00.000
70000114;2;CONFIRMED;PIB;PIB;;;;0;;2014-07-30 15:51:15.000;2014-07-30;2014-08-05 00:00:00.000;2014-08-06 09:15:00.000;SEK;2988.00;;;IB;2014-07-30 15:54:29.760;IB INTERNET BANK PAYMENT;GOKI;SCAN;ECONOMY;2014-08-05 00:00:00.000;2014-08-05;6;1845;;2;;;;CAR600200;Car, MPV, 4x4 up to 1.8m high;FAM5I;Family 5-berth cabin inside;1;RESTAURANT;TY05BREAK;Breakfast Restaurant ;;;;;;noReturnTrip;;;;;;;;;;;;;;;208967;54394;Tibro;SWE;0;;
70000177;1;CONFIRMED;CCD;CCD;;;;0;;2015-07-11 10:40:58.000;2015-07-11;2015-07-15 00:00:00.000;2015-07-16 09:15:00.000;SEK;7465.00;;;CC;2015-07-11 10:50:20.990;CC Credit Card in Call Centre;GOKI;SCAN;ECONOMY;2015-07-15 00:00:00.000;2015-07-15;4;1845;3;4;;;2;CAR600200;Car, MPV, 4x4 up to 1.8m high;4I;4-berth inside cabin;2;;;;;;;;;noReturnTrip;;;;;;;;;;;;;;;113101;122 63;ENSKEDE;SWE;0;;
70000180;1;CONFIRMED;PIB;PIB;;;;0;;2014-07-01 10:03:12.000;2014-07-01;2014-07-02 00:00:00.000;2014-07-02 15:15:00.000;SEK;135.00;;;CC;2014-07-01 10:07:51.697;CC Credit Card in Call Centre;GOFR;JUTL;ECONOMY;2014-07-02 00:00:00.000;2014-07-02;1;1200;;1;;;;;;;;;;;;;;;;;noReturnTrip;;;;;;;;;;;;;;;143322;8000;Århus;DNK;1;;
70000218;1;CONFIRMED;PIB;PIB;;;;1;;2014-06-23 15:33:23.000;2014-06-23;2014-07-27 00:00:00.000;2014-08-02 22:30:00.000;SEK;1788.00;;;CC;2014-06-23 15:35:44.203;CC Credit Card in Call Centre;TBSA;TREL;ECONOMY;2014-07-27 00:00:00.000;2014-07-27;34;745;;4;;;;CAR600200;Car, MPV, 4x4 up to 1.8m high;;;;;;;SATB;TREL;ECONOMY;2014-08-02 00:00:00.000;2014-08-02;6;1815;;4;;;;CAR600200;Car, MPV, 4x4 up to 1.8m high;;;;;;;51016;58642;Linköping;SWE;0;;
70000234;1;CONFIRMED;PIB;PIB;;;;1;CITYGROSS;2014-06-24 21:28:11.000;2014-06-24;2014-07-04 00:00:00.000;2014-08-03 22:30:00.000;SEK;1924.20;;;CC;2014-06-24 21:30:43.170;CC Credit Card in Call Centre;TBSA;SASS;ECONOMY;2014-07-04 00:00:00.000;2014-07-04;10;1830;;1;;;;CAR600200;Car, MPV, 4x4 up to 1.8m high;;;;;;;SATB;TREL;ECONOMY;2014-08-03 00:00:00.000;2014-08-03;30;1815;;1;;;;CAR600200;Car, MPV, 4x4 up to 1.8m high;;;;;;;11845;17438;Wolgast;DEU;1;STGEG;2013-01-17 00:00:00.000
70000246;1;CONFIRMED;MOB;MOB;;;;0;;2014-09-13 17:54:36.000;2014-09-13;2014-09-14 00:00:00.000;2014-09-15 06:15:00.000;SEK;779.00;;;CC;2014-09-13 17:56:04.053;CC Credit Card in Call Centre;RSTB;SKAN;ECONOMY;2014-09-14 00:00:00.000;2014-09-14;1;2245;;2;;;;CAR600200;Car, MPV, 4x4 up to 1.8m high;;;;;;;;;;;;noReturnTrip;;;;;;;;;;;;;;;202413;88030;Näsåker;SWE;0;;
70000254;1;CONFIRMED;PIB;PIB;;;;0;;2014-06-30 22:16:42.000;2014-06-30;2014-07-11 00:00:00.000;2014-07-11 19:30:00.000;SEK;1020.00;;;IB;2014-06-30 22:19:48.583;IB INTERNET BANK PAYMENT;GOFR;DANI;DAGXFOT;2014-07-11 00:00:00.000;2014-07-11;11;800;1;2;;;1;;;;;;RESTAURANT;DA06MET1;Restaurant Metropolitan, 08.00-09.15;FRGO;JUTL;DAGXFOT;2014-07-11 00:00:00.000;2014-07-11;0;1605;1;2;;;1;;;;;;RESTAURANT;JU16FOOD1;Restaurant Food City, 16.00-17.15;180735;44940;Nol;SWE;1;;
70000295;1;CONFIRMED;PIB;PIB;;;;1;;2014-12-27 16:56:15.000;2014-12-27;2015-01-28 00:00:00.000;2015-01-30 09:15:00.000;SEK;879.00;;;CC;2014-12-27 16:58:54.770;CC Credit Card in Call Centre;GOKI;SCAN;KIELXX;2015-01-28 00:00:00.000;2015-01-28;32;1845;;2;;;;;;3I;3 berth cabin inside;1;;;;KIGO;SCAN;KIELXX;2015-01-29 00:00:00.000;2015-01-29;1;1845;;2;;;;;;3I;3 berth cabin inside;1;;;;97337;41840;Göteborg;SWE;1;STSWG;2003-04-15 00:00:00.000
70000373;1;CONFIRMED;PIB;PIB;;;;0;;2015-07-24 22:09:44.000;2015-07-24;2015-07-26 00:00:00.000;2015-07-27 09:30:00.000;SEK;2147.00;;;CC;2015-07-24 22:12:12.273;CC Credit Card in Call Centre;VENY;WAST;ECONOMY;2015-07-26 00:00:00.000;2015-07-26;2;2300;;2;;;;CAR600175;Car, up to 1,75m high;XREST;Reclining Seat (public room);2;;;;;;;;;noReturnTrip;;;;;;;;;;;;;;;5974;69434;Skaistgirys;LTU;1;;
70000383;1;CONFIRMED;PIB;PIB;;;;0;;2014-06-18 19:28:27.000;2014-06-18;2014-06-19 00:00:00.000;2014-06-20 02:10:00.000;SEK;198.00;;;IB;2014-06-18 19:31:18.823;IB INTERNET BANK PAYMENT;GOFR;DANI;DAGXFOT;2014-06-19 00:00:00.000;2014-06-19;1;1815;;2;;;;;;;;;;;;FRGO;DANI;DAGXFOT;2014-06-19 00:00:00.000;2014-06-19;0;2230;;2;;;;;;;;;;;;137175;41875;GÖTEBORG;SWE;1;;
70000404;1;CONFIRMED;PIB;PIB;;;;0;;2015-05-01 17:11:48.000;2015-05-01;2015-07-28 00:00:00.000;2015-07-28 10:00:00.000;SEK;1618.00;;;CC;2015-05-01 17:17:19.317;CC Credit Card in Call Centre;VENY;SCVI;FLEXI;2015-07-28 00:00:00.000;2015-07-28;88;1;;1;;;;CAR600175;Car, up to 1,75m high;2I;2-berth inside cabin;1;;;;;;;;;noReturnTrip;;;;;;;;;;;;;;;238206;5310;Hauglandshella;NOR;1;;
70000420;1;CONFIRMED;PIB;PIB;;;;0;;2015-04-10 11:50:25.000;2015-04-10;2015-07-05 00:00:00.000;2015-07-10 06:15:00.000;SEK;4604.00;;;CC;2015-04-10 11:58:17.733;CC Credit Card in Call Centre;TBRS;MEVO;ECONOMY;2015-07-05 00:00:00.000;2015-07-05;86;2245;;2;1;;;VAN600400;Transit Van up to 6m long;4I;4-berth inside cabin;1;;;;RSTB;SKAN;ECONOMY;2015-07-09 00:00:00.000;2015-07-09;4;2245;;2;1;;;VAN600400;Transit Van up to 6m long;4I;4-berth inside cabin;1;;;;193585;62265;Gotlands Tofta;SWE;1;;
70000462;1;CONFIRMED;PIB;PIB;;;;1;;2014-10-30 20:32:17.000;2014-10-30;2014-10-31 00:00:00.000;2014-10-31 17:25:00.000;SEK;150.00;;;CC;2014-10-30 20:35:26.153;CC Credit Card in Call Centre;FRGO;DANI;ECONOMY;2014-10-31 00:00:00.000;2014-10-31;1;1400;;1;;;;;;;;;;;;;;;;;noReturnTrip;;;;;;;;;;;;;;;80198;513 97;Borgstena;SWE;1;STSWB;2014-09-18 00:00:00.000
70000492;1;CONFIRMED;SWS;SWS;STSW99659;STENA LINE TRAVEL GROUP AB;Sembo;0;;2015-01-28 15:05:21.000;2015-01-28;2015-01-31 00:00:00.000;2015-02-01 17:25:00.000;SEK;798.00;SEMBO;;IV;2015-02-01 04:11:26.617;IV Invoice;GOFR;DANI;HECONOMY;2015-01-31 00:00:00.000;2015-01-31;3;915;;2;;;;;;;;;RESTAURANT;DA09MET2;Restaurant Metropolitan, 10.30;FRGO;DANI;HECONOMY;2015-02-01 00:00:00.000;2015-02-01;1;1400;;2;;;;;;;;;;;;24513;511 72;Fritsla;SWE;0;;
70000510;1;CONFIRMED;PIB;PIB;;;;0;;2015-07-20 09:20:50.000;2015-07-20;2015-07-27 00:00:00.000;2015-07-27 12:20:00.000;SEK;1387.00;;;IB;2015-07-20 09:24:36.757;IB INTERNET BANK PAYMENT;VAGR;NAUT;ECONOMY;2015-07-27 00:00:00.000;2015-07-27;7;805;;2;;;;CAR600200;Car, MPV, 4x4 up to 1.8m high;;;;LOUNGESEAT;NA60PLUS;Plus Lounge;;;;;;noReturnTrip;;;;;;;;;;;;;;;81574;17568;Järfälla;SWE;0;;
70000579;1;CONFIRMED;PIB;PIB;;;;0;;2015-05-28 13:03:28.000;2015-05-28;2015-05-28 00:00:00.000;2015-05-28 23:50:00.000;SEK;198.00;;;CC;2015-05-28 13:15:33.617;CC Credit Card in Call Centre;GOFR;JUTL;DAGXFOT;2015-05-28 00:00:00.000;2015-05-28;0;1600;;2;;;;;;;;;;;;FRGO;JUTL;DAGXFOT;2015-05-28 00:00:00.000;2015-05-28;0;2015;;2;;;;;;;;;;;;7330;42435;Angered;SWE;1;;
70000597;1;CONFIRMED;PIB;PIB;;;;0;;2014-06-20 10:58:03.000;2014-06-20;2014-06-23 00:00:00.000;2014-06-23 19:30:00.000;SEK;1917.00;;;CC;2014-06-20 11:02:05.587;CC Credit Card in Call Centre;FRGO;JUTL;ECONOMY;2014-06-23 00:00:00.000;2014-06-23;3;1605;;2;;;2;MOH1000400;Motorhome/Minibus to 10m long;;;;;;;;;;;;noReturnTrip;;;;;;;;;;;;;;;155426;82130;Bollnäs;SWE;1;;
70000609;1;CONFIRMED;PIB;PIB;;;;0;;2015-03-12 20:32:09.000;2015-03-12;2015-03-14 00:00:00.000;2015-03-14 23:50:00.000;SEK;99.00;;;CC;2015-03-12 20:35:56.353;CC Credit Card in Call Centre;GOFR;JUTL;DAGXFOT;2015-03-14 00:00:00.000;2015-03-14;2;1600;;1;;;;;;;;;;;;FRGO;JUTL;DAGXFOT;2015-03-14 00:00:00.000;2015-03-14;0;2015;;1;;;;;;;;;;;;86590;42931;Kullavik;SWE;1;;
70000680;1;CONFIRMED;PIB;PIB;;;;1;;2014-11-03 18:56:44.000;2014-11-03;2014-11-20 00:00:00.000;2014-11-23 15:15:00.000;SEK;1812.00;;;CC;2014-11-03 18:58:17.500;CC Credit Card in Call Centre;GOFR;JUTL;ECONOMY;2014-11-20 00:00:00.000;2014-11-20;17;1600;;2;;;3;CAR600200;Car, MPV, 4x4 up to 1.8m high;;;;;;;FRGO;JUTL;ECONOMY;2014-11-23 00:00:00.000;2014-11-23;3;1150;;2;;;3;CAR600200;Car, MPV, 4x4 up to 1.8m high;;;;;;;179342;72591;Västerås;SWE;1;STSWB;2012-12-09 00:00:00.000
70000690;1;CONFIRMED;PIB;PIB;;;;1;;2015-02-19 20:17:11.000;2015-02-19;2015-07-11 00:00:00.000;2015-08-16 20:00:00.000;SEK;6236.00;;;IB;2015-02-19 20:20:18.010;IB INTERNET BANK PAYMENT;KAGD;SPIR;ECONOMY;2015-07-11 00:00:00.000;2015-07-11;142;900;;6;;;2;CAR600200;Car, MPV, 4x4 up to 1.8m high;;;;;;;GDKA;KARL;ECONOMY;2015-08-16 00:00:00.000;2015-08-16;36;900;;5;;;1;CAR600200;Car, MPV, 4x4 up to 1.8m high;;;;;;;5901;126 31;Stockholm;SWE;1;STSWB;2015-02-19 00:00:00.000
70000759;1;CONFIRMED;PIB;PIB;;;;0;;2014-12-05 17:52:41.000;2014-12-05;2014-12-10 00:00:00.000;2014-12-10 17:25:00.000;SEK;99.00;;;CC;2014-12-05 18:00:35.337;CC Credit Card in Call Centre;GOFR;DANI;DAGXFOT;2014-12-10 00:00:00.000;2014-12-10;5;915;;1;;;;;;;;;;;;FRGO;DANI;DAGXFOT;2014-12-10 00:00:00.000;2014-12-10;0;1400;;1;;;;;;;;;;;;56623;43084;Styrsö;SWE;1;;
70000810;1;CONFIRMED;SWS;SWS;STSW99659;STENA LINE TRAVEL GROUP AB;Sembo;0;ICADK;2015-07-29 21:30:51.000;2015-07-29;2015-08-04 00:00:00.000;2015-08-07 15:15:00.000;SEK;1475.80;SEMBO;;;;;GOFR;DANI;HECONOMY;2015-08-04 00:00:00.000;2015-08-04;6;1600;;2;;;;CAR600200;Car, MPV, 4x4 up to 1.8m high;;;;;;;FRGO;DANI;HECONOMY;2015-08-07 00:00:00.000;2015-08-07;3;1150;;2;;;;CAR600200;Car, MPV, 4x4 up to 1.8m high;;;;;;;60189;39352;Kalmar;SWE;0;;
70000836;3;CONFIRMED;SWS;CCD;STSW01245 ;STENA LINE TRAVEL GROUP AB;Sembo;1;;2014-10-29 14:32:50.000;2014-10-29;2014-10-29 00:00:00.000;2014-11-01 09:15:00.000;SEK;3773.00;SEMBO;;IV;2014-10-30 01:12:54.140;IV Invoice;GOKI;GERM;HECONOMY;2014-10-29 00:00:00.000;2014-10-29;0;1845;;2;;;;CAR600200;Car, MPV, 4x4 up to 1.8m high;2IBUNK;2-berth inside cabin, bunk bed;1;;;;KIGO;SCAN;HECONOMY;2014-10-31 00:00:00.000;2014-10-31;2;1845;;2;;;;CAR600200;Car, MPV, 4x4 up to 1.8m high;4I;4-berth inside cabin;1;;;;178128;54232;Mariestad;SWE;1;STSWB;2004-09-27 00:00:00.000
70000838;4;CONFIRMED;SWS;CCD;STSW01245 ;STENA LINE TRAVEL GROUP AB;Sembo;0;;2014-06-17 15:12:07.000;2014-06-17;2014-07-20 00:00:00.000;2014-07-25 11:15:00.000;SEK;2551.00;SEMBO;;IV;2014-07-21 01:13:21.410;IV Invoice;GOFR;DANI;HECONOMY;2014-07-20 00:00:00.000;2014-07-20;33;800;;4;;;;CAR600200;Car, MPV, 4x4 up to 1.8m high;;;;;;;FRGO;JUTL;HECONOMY;2014-07-25 00:00:00.000;2014-07-25;5;800;;4;;;;CAR600200;Car, MPV, 4x4 up to 1.8m high;;;;;;;107187;51821;Sandared;SWE;1;;
70000867;2;CONFIRMED;PIB;PIB;;;;0;;2015-06-07 16:20:44.000;2015-06-07;2015-06-16 00:00:00.000;2015-06-19 18:45:00.000;SEK;2346.00;;;CC;2015-06-07 16:24:06.953;CC Credit Card in Call Centre;GOFR;DANI;ECONOMY;2015-06-16 00:00:00.000;2015-06-16;9;910;;2;;;2;CAR600200;Car, MPV, 4x4 up to 1.8m high;;;;;;;GRVA;NAUT;ECONOMY;2015-06-19 00:00:00.000;2015-06-19;3;1420;;2;;;2;CAR600200;Car, MPV, 4x4 up to 1.8m high;;;;;;;120494;12248;Enskede;SWE;0;;
70000878;1;CONFIRMED;PIB;PIB;;;;0;;2014-07-04 15:27:30.000;2014-07-04;2014-07-15 00:00:00.000;2014-07-18 09:15:00.000;SEK;7280.00;;;CC;2014-07-04 15:30:38.400;CC Credit Card in Call Centre;GOKI;GERM;ECONOMY;2014-07-15 00:00:00.000;2014-07-15;11;1845;;1;;;;CAR600200;Car, MPV, 4x4 up to 1.8m high;BUS2O;Business Class, 2-berth cabin, window;1;RESTAURANT;TY05BREAK;Breakfast Restaurant ;KIGO;SCAN;ECONOMY;2014-07-17 00:00:00.000;2014-07-17;2;1845;;1;;;;CAR600200;Car, MPV, 4x4 up to 1.8m high;SKY4R;Skylight Round, 2 berth cabin;1;RESTAURANT;TY05BREAK;Breakfast Restaurant ;213595;431 37;Mölndal;SWE;1;;
70000888;4;CONFIRMED;CCD;CCD;;;;1;;2014-09-26 16:52:53.000;2014-09-26;2014-10-01 00:00:00.000;2014-10-02 09:15:00.000;SEK;4796.00;;;CC;2014-09-26 16:55:07.793;CC Credit Card in Call Centre;KIGO;SCAN;FLEXI;2014-10-01 00:00:00.000;2014-10-01;5;1845;;2;;;;MOH1000400;Motorhome/Minibus to 10m long;SKY4R;Skylight Round, 2 berth cabin;1;RESTAURANT;TY10GLOB1;Restaurant Taste, 18.00;;;;;;noReturnTrip;;;;;;;;;;;;;;;212718;45337;Lysekil;SWE;1;STSWG;2010-10-28 00:00:00.000
70000915;1;CONFIRMED;PIB;PIB;;;;0;ENJOY25;2015-04-19 09:31:07.000;2015-04-19;2015-05-06 00:00:00.000;2015-05-11 09:15:00.000;SEK;3637.60;;;CC;2015-04-19 09:36:06.020;CC Credit Card in Call Centre;GOKI;SCAN;SGKRETURN;2015-05-06 00:00:00.000;2015-05-06;17;1845;;2;;;;CAR600200;Car, MPV, 4x4 up to 1.8m high;2O;2-berth outside cabin;1;;;;KIGO;GERM;SGKRETURN;2015-05-10 00:00:00.000;2015-05-10;4;1845;;2;;;;CAR600200;Car, MPV, 4x4 up to 1.8m high;2O;2-berth outside cabin;1;;;;187785;42135;Västra Frölunda;SWE;1;;
70000928;1;CONFIRMED;PIB;PIB;;;;1;BOKANU;2015-01-22 01:07:07.000;2015-01-22;2015-04-20 00:00:00.000;2015-04-21 09:30:00.000;SEK;1055.50;;;CC;2015-01-22 01:11:31.083;CC Credit Card in Call Centre;GDKA;BALT;ECONOMY;2015-04-20 00:00:00.000;2015-04-20;88;2200;;;;1;;CAR600200;Car, MPV, 4x4 up to 1.8m high;2ENSSW;Economy Class, 2-berth cabin inside (shared bathroom);1;;;;;;;;;noReturnTrip;;;;;;;;;;;;;;;101075;573 36;Tranås;SWE;1;STSWB;2003-10-02 00:00:00.000
70000932;1;CONFIRMED;PIB;PIB;;;;0;;2014-06-03 16:30:46.000;2014-06-03;2014-07-02 00:00:00.000;2014-07-02 15:15:00.000;SEK;1019.00;;;IB;2014-06-03 16:36:48.747;IB INTERNET BANK PAYMENT;FRGO;DANI;FLEXI;2014-07-02 00:00:00.000;2014-07-02;29;1150;;;;2;;CAR600200;Car, MPV, 4x4 up to 1.8m high;;;;;;;;;;;;noReturnTrip;;;;;;;;;;;;;;;25840;59072;Ljungsbro;SWE;1;;
70000968;1;CONFIRMED;PIB;PIB;;;;0;;2014-12-01 19:56:30.000;2014-12-01;2014-12-02 00:00:00.000;2014-12-04 17:25:00.000;SEK;310.00;;;CC;2014-12-01 19:58:17.570;CC Credit Card in Call Centre;GOFR;DANI;FLEXI;2014-12-02 00:00:00.000;2014-12-02;1;915;;1;;;;;;;;;;;;FRGO;DANI;ECONOMY;2014-12-04 00:00:00.000;2014-12-04;2;1400;;1;;;;;;;;;;;;174748;41506;Göteborg;SWE;0;;
70000978;1;CONFIRMED;MOB;MOB;;;;0;;2014-08-04 15:59:26.000;2014-08-04;2014-08-05 00:00:00.000;2014-08-05 11:15:00.000;SEK;195.00;;;CC;2014-08-04 16:00:29.887;CC Credit Card in Call Centre;FRGO;JUTL;FLEXI;2014-08-05 00:00:00.000;2014-08-05;1;800;;1;;;;;;;;;;;;;;;;;noReturnTrip;;;;;;;;;;;;;;;60022;47142;Rönnäng;SWE;1;;
70000985;1;CONFIRMED;SWS;SWS;STSW01245 ;STENA LINE TRAVEL GROUP AB;Sembo;0;;2015-04-07 22:49:51.000;2015-04-07;2015-05-04 00:00:00.000;2015-05-07 18:45:00.000;SEK;931.20;SEMBO;;IV;2015-05-05 01:12:28.860;IV Invoice;VAGR;NAUT;HECONOMY;2015-05-04 00:00:00.000;2015-05-04;27;850;;2;;;2;CAR600200;Car, MPV, 4x4 up to 1.8m high;;;;;;;GRVA;NAUT;HECONOMY;2015-05-07 00:00:00.000;2015-05-07;3;1420;;2;;;2;CAR600200;Car, MPV, 4x4 up to 1.8m high;;;;;;;157103;43446;Kungsbacka;SWE;0;;
70001000;1;CONFIRMED;PIB;PIB;;;;0;;2015-06-22 22:58:08.000;2015-06-22;2015-06-24 00:00:00.000;2015-06-24 23:20:00.000;SEK;0.00;;;;;;GOFR;DANI;DAGX50;2015-06-24 00:00:00.000;2015-06-24;2;800;;2;;;1;;;;;;;;;FRGO;DANI;DAGX50;2015-06-24 00:00:00.000;2015-06-24;0;2000;;2;;;1;;;;;;;;;227830;42149;Göteborg;SWE;1;;
70001049;2;CONFIRMED;CCD;CCD;;;;0;;2014-10-13 20:02:59.000;2014-10-13;2014-10-18 00:00:00.000;2014-10-18 11:35:00.000;SEK;0.00;;;;;;FRGO;JUTL;INSAGA;2014-10-18 00:00:00.000;2014-10-18;5;800;;1;;;;;;;;;;;;;;;;;noReturnTrip;;;;;;;;;;;;;;;30899;;;NOR;0;;
70001102;1;CANCELLED;CCD;CCD;;;;0;;2015-06-02 10:50:08.000;2015-06-02;2015-07-11 00:00:00.000;2015-07-14 15:15:00.000;SEK;3178.00;;;;;;GOFR;DANI;ECONOMY;2015-07-11 00:00:00.000;2015-07-11;39;800;;2;;;;CAR600200;Car, MPV, 4x4 up to 1.8m high;;;;;;;FRGO;DANI;ECONOMY;2015-07-14 00:00:00.000;2015-07-14;3;1150;;2;;;;CAR600200;Car, MPV, 4x4 up to 1.8m high;;;;;;;78584;41718;huiu;SWE;0;;
70001110;2;CONFIRMED;PIB;PIB;;;;1;CITYGROSS;2014-06-08 20:52:05.000;2014-06-08;2014-07-07 00:00:00.000;2014-07-07 11:15:00.000;SEK;1718.30;;;IB;2014-06-08 21:02:37.160;IB INTERNET BANK PAYMENT;GOFR;DANI;ECONOMY;2014-07-07 00:00:00.000;2014-07-07;29;800;;2;;;2;CAR600200;Car, MPV, 4x4 up to 1.8m high;;;;RESTAURANT;DA06MET2;Restaurant Metropolitan, 09.45;;;;;;noReturnTrip;;;;;;;;;;;;;;;195278;42669;VÄSTRA FRÖLUNDA;SWE;1;STSWB;2010-07-29 00:00:00.000
70001130;1;CONFIRMED;PIB;PIB;;;;0;;2014-08-19 11:42:56.000;2014-08-19;2014-08-20 00:00:00.000;2014-08-20 17:15:00.000;SEK;1168.00;;;CC;2014-08-19 11:44:41.783;CC Credit Card in Call Centre;TBSA;SASS;ECONOMY;2014-08-20 00:00:00.000;2014-08-20;1;1300;;6;;;;CAR600200;Car, MPV, 4x4 up to 1.8m high;;;;;;;;;;;;noReturnTrip;;;;;;;;;;;;;;;64174;263 34;höganäs;SWE;0;;
70001150;2;CONFIRMED;CCD;CCD;;;;0;;2015-07-18 15:18:19.000;2015-07-18;2015-07-19 00:00:00.000;2015-07-19 19:30:00.000;SEK;1038.00;;;CC;2015-07-18 15:22:28.177;CC Credit Card in Call Centre;KAGD;SPIR;ECONOMY;2015-07-19 00:00:00.000;2015-07-19;1;900;;;;;2;;;;;;RESTAURANT;PL51CARTE2;Restaurant Metropolitan, A la carte, 17.00-19.00;;;;;;noReturnTrip;;;;;;;;;;;;;;;90849;;;SWE;1;;
70001180;1;CONFIRMED;PIB;PIB;;;;0;;2014-07-30 20:36:58.000;2014-07-30;2014-07-31 00:00:00.000;2014-08-03 03:30:00.000;SEK;476.00;;;IB;2014-07-30 20:39:24.550;IB INTERNET BANK PAYMENT;TBSA;TREL;FLEXI;2014-07-31 00:00:00.000;2014-07-31;1;745;;2;;;;BIC;Bicycle;;;;;;;SATB;SASS;ECONOMY;2014-08-02 00:00:00.000;2014-08-02;2;2315;;2;;;;BIC;Bicycle;;;;;;;222612;231 36;Trelleborg;SWE;1;;
70001193;1;CONFIRMED;PIB;PIB;;;;0;;2014-06-16 00:49:29.000;2014-06-16;2014-06-22 00:00:00.000;2014-06-22 19:30:00.000;SEK;1688.00;;;IB;2014-06-16 00:54:11.330;IB INTERNET BANK PAYMENT;KAGD;SPIR;ECONOMY;2014-06-22 00:00:00.000;2014-06-22;6;900;;1;;;1;CAR600200;Car, MPV, 4x4 up to 1.8m high;COM1NX;Comfort Class, single cabin with 1 extra bed, inside;1;;;;;;;;;noReturnTrip;;;;;;;;;;;;;;;78621;13342;Saltsjöbaden;SWE;0;;
70001228;1;CONFIRMED;PIB;PIB;;;;0;;2015-06-01 14:37:39.000;2015-06-01;2015-06-01 00:00:00.000;2015-06-02 07:30:00.000;SEK;3465.00;;;IB;2015-06-01 14:44:44.507;IB INTERNET BANK PAYMENT;KAGD;SPIR;ECONOMY;2015-06-01 00:00:00.000;2015-06-01;0;1930;;2;;;;CAR600200;Car, MPV, 4x4 up to 1.8m high;COM2V;Comfort Class, 2-beds cabin with seaview;1;RESTAURANT;PL22TAST1;Restaurant Taste, 19.00-20.30;;;;;;noReturnTrip;;;;;;;;;;;;;;;90849;;;SWE;1;;
70001231;1;CONFIRMED;PIB;PIB;;;;0;;2015-03-03 15:35:48.000;2015-03-03;2015-04-06 00:00:00.000;2015-04-06 11:15:00.000;SEK;759.00;;;CC;2015-03-03 15:37:50.070;CC Credit Card in Call Centre;GOFR;JUTL;ECONOMY;2015-04-06 00:00:00.000;2015-04-06;34;800;;2;;;;CAR600200;Car, MPV, 4x4 up to 1.8m high;;;;;;;;;;;;noReturnTrip;;;;;;;;;;;;;;;129528;41128;Göteborg;SWE;1;;
70001255;1;CONFIRMED;PIB;PIB;;;;0;;2014-12-17 16:38:03.000;2014-12-17;2014-12-21 00:00:00.000;2014-12-29 09:15:00.000;SEK;6646.00;;;CC;2014-12-17 16:44:53.480;CC Credit Card in Call Centre;GOKI;SCAN;FLEXI;2014-12-21 00:00:00.000;2014-12-21;4;1845;;2;;;;CAR600200;Car, MPV, 4x4 up to 1.8m high;2O;2-berth outside cabin;1;;;;KIGO;SCAN;FLEXI;2014-12-28 00:00:00.000;2014-12-28;7;1845;;2;;;;CAR600200;Car, MPV, 4x4 up to 1.8m high;2O;2-berth outside cabin;1;;;;120733;22120;Mariehamn/ Åland;FIN;0;;
70001290;1;CONFIRMED;PIB;PIB;;;;0;;2015-01-28 19:10:00.000;2015-01-28;2015-05-12 00:00:00.000;2015-05-13 06:15:00.000;SEK;1393.00;;;CC;2015-01-28 19:13:49.337;CC Credit Card in Call Centre;TBRS;MEVO;ECONOMY;2015-05-12 00:00:00.000;2015-05-12;104;2245;;2;;;;MBK;Motorcycle/trike (incl. trl);4O;4-berth outside cabin;1;;;;;;;;;noReturnTrip;;;;;;;;;;;;;;;33223;23431;Lomma;SWE;0;;
70001333;1;CONFIRMED;PIB;PIB;;;;0;bokanu;2014-09-29 18:40:11.000;2014-09-29;2014-10-31 00:00:00.000;2014-10-31 12:30:00.000;SEK;324.50;;;IB;2014-09-29 18:42:53.543;IB INTERNET BANK PAYMENT;TBSA;SASS;ECONOMY;2014-10-31 00:00:00.000;2014-10-31;32;815;;3;;;;CAR600200;Car, MPV, 4x4 up to 1.8m high;;;;;;;;;;;;noReturnTrip;;;;;;;;;;;;;;;53780;38333;Mönsterås;SWE;1;;
70001358;1;CONFIRMED;PIB;PIB;;;;1;;2015-01-12 20:35:40.000;2015-01-12;2015-01-24 00:00:00.000;2015-01-24 15:15:00.000;SEK;67.00;;;CP;2015-01-12 20:37:11.697;CP Compass Points;GOFR;JUTL;DAGX50;2015-01-24 00:00:00.000;2015-01-24;12;800;;1;;;;;;;;;;;;FRGO;JUTL;DAGX50;2015-01-24 00:00:00.000;2015-01-24;0;1150;;1;;;;;;;;;;;;87606;41460;Göteborg;FIN;1;STSWB;2014-10-21 00:00:00.000
